,block_mined,gas,gas_price,hashpower_accepting,round_gp_10gwei,time_mined,tx_cost
b'\x01jbH\xdd\x8e{\xb1\xd7\xda\xea\x8e\x1c\x1cCxh=\xb2\xb0\x18o\x9aE\xf7<\xd8L\x96^p\x9f',8934630.0,90000.0,21000000000.0,100.0,210.0,1573766197.0,18900000.0
"b""\x02VD[.\xe8\xbb4\xee\xa3\x0f\xef\\ms\xa3>\xa8\xc8\xe5',\xfc\xd0\x9f\xb2\x83%\x1b\xcd\xf3\xa6""",8934633.0,100000.0,2250000000.0,36.0,20.0,1573766280.0,2000000.0
b'\x02n$(IU\xad\xc1\xe6\xec\xe1v\xd5\xfa\xfa\x95\t\xe0\xd4\xf0\x9e{\x92q\xe63\xb3\xdc\xfbBc\xa7',8934630.0,21000.0,15000000000.0,100.0,150.0,1573766197.0,3150000.0
b'\x02\xb2\x85\xac\x1b)!mReRp5\xb8\x03\x9a\x14\xa3\xd0l\xb8\xcc:\x1e\xd0\xe5\x18\xa7(\x81\n\x96',8934634.0,290338.0,1000000000.0,36.0,10.0,1573766286.0,
"b'\x03\x03r\xe5L\xe1\xb5\xbe\x86N\xe2\x98\x8bR\xc0\xed\xd8""\xcdz\xde4\x87\xea\xe5+c\x9b\x86\x81\n\x02'",8934626.0,21000.0,45000000000.0,100.0,450.0,1573766161.0,9450000.0
b'\x03\t9\xad\xd9\xc2\xdd\xd6\xdf\xc2\xf3\x9a\x02\xf7\x8c\xe9\x9bH[-\x8d4\x1b\xaf\xfa\x90\x1brYLT\x95',8934633.0,150000.0,10000000000.0,100.0,100.0,1573766280.0,15000000.0
b'\x03\xdba\xa6\x93G6\xa3\xbf?\x1c\xe3\xa5\x10\x8en+\x88\xabS\xa0\xacRh\xb6I`\xff\xa7\xda\xf1X',8934630.0,223839.0,1000000000.0,36.0,10.0,1573766197.0,2238390.0
"b'\x05I\xf5gX\xd4\xf2\xa1GI*~\xebD\x13\xd1\x1eJ?\xfb\x84\xf5\x98+\xd6\xa9\xd7^V\xff\xd9,'",8934630.0,21000.0,3000000000.0,36.0,30.0,1573766197.0,630000.0
b'\x05\xeb\xb3.m\xec\x07ge\xa2\r\xf1\xf0\xb7\xd9\x07\xc0%\xee+\xc9\x02b\xd2W\xd3\x07\x89\xb1\xad\xac\x03',8934630.0,90000.0,26000000000.0,100.0,260.0,1573766197.0,23400000.0
b'\x06B\x18\xd7%\xdc\x921{\x9dM\x9cv\xe6\x85\xf6\xb21r\x7f\xbf5\xe9\xed\x0c[\x85\xe6\xd0Bb}',8934634.0,120000.0,1000000000.0,36.0,10.0,1573766286.0,
"b'\x06\xa48dW\x88&m\xdb\xc85W\xecG\xbb\x83,S\x90Z%\xd9\xda\x06\x06\xe5{\xe7x_\xf3\xed'",8934633.0,5000000.0,2000000000.0,36.0,20.0,1573766280.0,100000000.0
b'\nAXi.`\xea;\xdd\xef[W@\xdd\x8a\xa2\xa8s\xa4\xd0)w\xc9\x84\xb5\xfdN\xc7x\xacO\xf1',8934630.0,100000.0,2250000000.0,36.0,20.0,1573766197.0,2000000.0
"b""\n\x82*w\x83\xdc\xef\x15@\xce'\xed\x8fx\xa6\x13\x1a\xe3\x12\xc0\x123To\t\xa0(\x8aL\xdcX\x00""",8934630.0,300000.0,10000000000.0,100.0,100.0,1573766197.0,30000000.0
b'\x0bG.b/\xb2\x052\xffR\x96\xd39\x82\x1a\xe0\xd5s\xab\xbb\xb8\xe1\xb9\xbbsoy\xa5\x1c]\x8b\xa7',8934633.0,200000.0,2000000000.0,36.0,20.0,1573766280.0,4000000.0
b'\x0b\xb1\xe3\x81%\x870\xdf\xe2\xdaPi\xdf\xb2\xbc\xb2(\x80\xf5\xd9s\xf3\x9c\x7f\xfbU\xe9byb|\xc0',8934633.0,21000.0,20000000000.0,100.0,200.0,1573766280.0,4200000.0
b'\x0c\x0b\xd0\x0e#\xbdg}\x88\x12\x99\x91MVR\x8aMC\xbdQ\x1d\xbdU\x17\x0f\x82\x9c\xd7=\x16\xcc\xc5',8934630.0,64000.0,1500000000.0,36.0,10.0,1573766197.0,640000.0
b'\x0c\xa5$Q[6\xd6*/\xf3\xec:-\xad\xf672\x1d\xd1\x95\xd7\xf0!\x10\xef\xcd.RD\x00\xb9Y',8934630.0,550000.0,1000000000.0,36.0,10.0,1573766197.0,5500000.0
b'\x0c\xd35B\x90L\xc6\x0f]\xe1\x1d\xefl\xc3\x98\xee\x06\x8e\x10z\xb5\xba\x9eu\xfb\xba\xdd&\xd9v\xe0\xa9',8934630.0,60000.0,9000000000.0,64.00000000000001,90.0,1573766197.0,5400000.0
b'\rU\xd3U\x04y\xdd[dW\xb7\xec9Z\x02\n\xee/\x0859\x17\x1e\xda*\x16\xf6\x97\xb4sh$',8934633.0,60000.0,9000000000.0,64.00000000000001,90.0,1573766280.0,5400000.0
b'\rs> /\xe5gy\x7fj&\x8cE\x14\xad\xdf(\xd1\xbf\xf3\xc1\x08\xb6\xf8\xad\x05\xdeoC\xabT[',8934633.0,84580.0,8000000000.0,64.00000000000001,80.0,1573766280.0,6766400.0
b'\rw\xd2R\xb9\x80\xf8?\x045\xc8\xd19y7~!\xfe\xf9B\x99\xc0N\xd7\xa6mg\xdb\x8aV\xc90',8934631.0,21000.0,5000000000.0,48.99999999999999,50.0,1573766237.0,1050000.0
b'\r\x86lC\xdf\r\xe5`\x1dl\xac\xce\xbat\xb5\x8b\xf3\xd9\xdf~x\x9a\x8c\xc1\x99\x9aQ\x8d\x15P\x87A',8934629.0,55791.0,10000000000.0,100.0,100.0,1573766190.0,5579100.0
b'\r\xa1\x10P\x04\xdb\x82\x90V\x07\x9df*\x17\x88\xaeG\x99WW\xfa\x98\xfa\xda1\xfa\x7fR\xb1x15',8934633.0,100000.0,2250000000.0,36.0,20.0,1573766280.0,2000000.0
"b""\r\xc3\x181\xf0\x96'M\xa4]\xaa\xb5i\x0b\x91\x11\xf0\xe5\xdf\r_\xe0\x00x\xb7\x8a\x9f\x11k\xb1_\x80""",8934626.0,90000.0,26000000000.0,100.0,260.0,1573766161.0,23400000.0
"b""\x0e\x0e\xa0v\xf4\xad.;'R\xd4\xba\x0f\xec\xd6j\x90;/\x84b\xb5\x90K74H, \xa40\xd8""",8934634.0,218133.0,1000000000.0,36.0,10.0,1573766286.0,
"b'\x0eC>1\n8\xf9\n4\xa1\xd9&e$)\xde\xc4\x18Z\xc9,Ym\xc1q\x9bhx\x03\x88\x8b&'",8934629.0,60000.0,9000000000.0,64.00000000000001,90.0,1573766190.0,5400000.0
"b'\x0e\xd2\xday\xd1\x86?\x19\xf3\xbc\xd7D\x1d\xc9W\xad\xa2\xed6\x99""\xb6\xea\xc6\x9e\xe7E\xca\xc0?\xa8i'",8934630.0,90000.0,1500000000.0,36.0,10.0,1573766197.0,900000.0
b'\x0e\xdd!\xac\xcc\t2=\xbb\xd8U\x98\x9a\x83LiM\x9d\xc4h\x8aX\x01?\xb0\xff\xe54\xd5\x1f\xd1\x89',8934631.0,21000.0,30000000000.0,100.0,300.0,1573766237.0,6300000.0
"b""\x0f\xe5~\xd3\x1c\x9d\xec\x82\t\x0f\xb9\r(`GF\xa5E}\x99\x80'\xd3\xd12\n\xec\x1e.\xd3\xa7\xc3""",8934631.0,60000.0,20000000000.0,100.0,200.0,1573766237.0,12000000.0
b'\x10)\x95\x8deO\xf9\xff\x11\x8b\xb1\t\xa1\x0e}\x8a\xd9Q\xf3Xn9\x91\xd4\xd2\x84\x17\x15\xeat&s',8934631.0,800000.0,4000000000.0,48.99999999999999,40.0,1573766237.0,32000000.0
b'\x10jQ\xa4`\xe3:\xa9i\xa6\xfa\xae\xe5p<\x911\xe7\xeb\xbc\xc2\xd7H\xbd/\x946\xec\xd9\x06\xa9N',8934634.0,50000.0,1000000000.0,36.0,10.0,1573766286.0,
"b'\x11\x8fV\xdd\xc9\x9a.E[\xf5V\xd0\xa7\x825\xde9\xb6y\x00r\xa4\xf2\x1a\xdf$-\xd7Pv\xf7,'",8934630.0,56281.0,1000000000.0,36.0,10.0,1573766197.0,562810.0
b'\x11\x9c\xedv\xdbz\x1cX:\xc0&\xe8\xbf\xf3~!.Q\xb45\xae\x9eb\xefR\xf5\x1a|\x07\xfcG4',8934629.0,100000.0,2250000000.0,36.0,20.0,1573766190.0,2000000.0
b'\x11\xab\x7f\xb0\xf5\x943\xc5y\x9f9\xb2WB#X\xd6\xa0 \xb9o*\x91\xdf\xbf\x85\xdd\x029\xb4\x9f\x1e',8934631.0,21000.0,10000000000.0,100.0,100.0,1573766237.0,2100000.0
"b'\x12\xc2\xacU\x87vVs\xcc>\xc0ylb\x86\xdbi\rL\xdb\xa1`,\xbe\x10\x9c}\xb1c}MF'",8934631.0,30000.0,10500000000.0,100.0,100.0,1573766237.0,3000000.0
"b'\x13\xadb\x90\xb2\\\x1e[\x95\xca-\xc2@5\xd8\xfa\x9dh,\x92\x94\xba=\xea\x95\xd1S\xa6f\xb2""\xc9'",8934633.0,250000.0,1500000000.0,36.0,10.0,1573766280.0,2500000.0
b'\x14r:\xa6\x9a\xa6LG0#2\x02\xfb\xfb`\xf8\x81A\x0f_\xd9\x9c}`\x1b\x82\xec\x9f=\xd83G',8934633.0,90000.0,40000000000.0,100.0,400.0,1573766280.0,36000000.0
"b'\x16\x08=I\xf5T\xe6\x97\x9d\xfe\x12\x9f\x97\xb4j\xf3\xfd\x042\xc9\x0c\xa9P>\x96\xc9\\\xc1, \xd1\xfa'",8934631.0,21000.0,10000000000.0,100.0,100.0,1573766237.0,2100000.0
b'\x16Y\xc1\x17\x9eN\xb6\xe9x\x0e}/\xce-<\xdf\xfd\x16\x90u\xb2F\x01\xf5\xb8\xc3x\xba0\xff5\x05',8934630.0,21000.0,10000000000.0,100.0,100.0,1573766197.0,2100000.0
"b'\x16\xdd\xdf\x7f^\xa3\xde\x93_\xcf|(\xfc\xa0G\x1b6F\xd5\xe4,\xf8A\xcf\xb9\xa797\x85\xdd\x95\x1f'",8934631.0,380000.0,5500000000.0,48.99999999999999,50.0,1573766237.0,19000000.0
"b'\x17\tq\xfe\x17A:z\x0ckR\xe3lj\n\x13\x00n\xd2\x10.\xea|\xf6\xb8\xc7\x1b\xce""\xcbO\xcd'",8934630.0,21000.0,28000000000.0,100.0,280.0,1573766197.0,5880000.0
b'\x17U\x07`\x06f\xddh\x15\xba\xf4i\x04?\x14\xf3GE\xcd)\xabt\xd9~\xf4*3\xbcE\t\xaa\xc7',8934629.0,21000.0,30000000000.0,100.0,300.0,1573766190.0,6300000.0
b'\x18T\xb1\x84U\x13\x82\xc2\xefY\xc3\x16\x05\xb8\x00\n\x85\xab)\xbe\xd1\x07\x17\x96b?\t\x89\xfb\x9f\x8aX',8934631.0,207128.0,40000000000.0,100.0,400.0,1573766237.0,82851200.0
b'\x18\xac\x12\x1atE\x16gdU\x8cL\xce\xe3\xdf\xf0v\x8c\x1cg\xbb\xf2\xe8 \x17\xa1\xd3\xf7A\x97\x8c\x92',8934631.0,120000.0,20000000000.0,100.0,200.0,1573766237.0,24000000.0
"b'\x18\xdbE\x15\xaf\x8a\x03\xa9\xa3\xa3\x9d\xa9\x938B\x10\x1e\xf4\xc45w\x00\xae\xedkq\xbbIp,M\x0b'",8934630.0,21000.0,1200000000.0,36.0,10.0,1573766197.0,210000.0
b'\x19^\xf5\xd4\x05\xd1\x1f\xbb\xd4a^\x18\xf2h:\xeb\xa2fp\xd6\xb7\x9bd\x0b\xfa\x98\xb4\xe6\xf6\xe9\xcd\x95',8934629.0,150000.0,2000000000.0,36.0,20.0,1573766190.0,3000000.0
b'\x1a\xbc\rQ1\xe8\xc3\xb6\xe4S\x15A\x90\x90Q\x10\xec\xb0\x00=\xe1\x90M\xa9\x06\xd7\xdc.3\x16}\x99',8934633.0,36353.0,1000000000.0,36.0,10.0,1573766280.0,363530.0
"b""\x1b\x16\xaeM\x98\xd8q\x87\x9e\xe1\xa3\x91\x02\x17'\x96\xf3\xb6\xe4\x1f\xac\x07\xf9r]W\xb4]\xb6\xf7fU""",8934631.0,42000.0,20000000000.0,100.0,200.0,1573766237.0,8400000.0
b'\x1bW\xd34b_\x16\x9d\x05\x94\x80ow\xfd\x80W\xe5\x99|Z\x9b\x0c\xae\xfbO\xb6\x9d^\x10\xaa \xbb',8934630.0,64000.0,1500000000.0,36.0,10.0,1573766197.0,640000.0
"b'\x1b\xac\xe0 \x19\xf73\xb5\x0e\xa8Y\x0b\x97\xf3\x88CPj\x97NAy\xbd\xed\x1c2\xd8\xfd\x1f%""\xdf'",8934630.0,380000.0,5500000000.0,48.99999999999999,50.0,1573766197.0,19000000.0
"b'\x1b\xb2\x9bP\\]\x9c\x80\x18&\xb4|\r\xff\xfd\xa8<W@8H[\xed\xb8\xa9D,TS\xa0\x86\x95'",8934626.0,100000.0,25000000000.0,100.0,250.0,1573766161.0,25000000.0
"b'\x1b\xf8\x91\xef\xf3\x835J\x11\x8b""g\x07Vg\x8av\xd8\xa4\x95\x83\xb1\x1a:\x80\x99{\xd8\x80\xa56\xe3'",8934634.0,21000.0,10000000000.0,100.0,100.0,1573766286.0,
b'\x1c-du\xc8\x8a\xba5\xf9N[\x81Zf\xca:\xea-\xf2D\xb1\xe8.PJo7\xb3\x84>\x11$',8934633.0,100000.0,2250000000.0,36.0,20.0,1573766280.0,2000000.0
b'\x1cdT\x80\x8a\xfd\xd4d\xc4\xfcG\xc2mJ#\x8c\xd7R\x84\xb1Ej\xb4I\xc8\xd4\x8d\xf3\xd9\xfd\xee+',8934631.0,80000.0,5000000000.0,48.99999999999999,50.0,1573766237.0,4000000.0
"b""\x1c\xe8ge\xc5\xf9U\xea)q\xac\xa7'MDs3\x04\x1f\xc5\x8d\xc3\xe9\xe9\x87\x17\x9bg\xadE\x86\xdd""",8934633.0,21000.0,6000000000.0,48.99999999999999,60.0,1573766280.0,1260000.0
b'\x1c\xeb\xb5\xb3\xaa3\x9f  k\xe4\x87\xa0\x0f\xaa\x9b<eX|\xb2\xf2\xbb\xfc\x19C\x08p\t\xb7\xf25',8934630.0,90000.0,1000000000.0,36.0,10.0,1573766197.0,900000.0
b'\x1dn\xda#\xb1_t\x0f\x8d\xda\xac\x8d|c8\xb0\xd9\xcc\xb0\xce\xaf\xbc|\xb1\xc8^My[\xbc8\xf5',8934634.0,106819.0,1000000000.0,36.0,10.0,1573766286.0,
b'\x1d\xa3\x85\x87D\xe4\x99^\x04m\x85#\xaa\x1et\xddy(\xa3\xa4\xcf&\xf39p\xe2*/*\xdf!\xdc',8934633.0,21000.0,30000000000.0,100.0,300.0,1573766280.0,6300000.0
b'\x1d\xa4Z\xa9\xc3w\x94\x19}\xc8\xcf`\xf3\x9c\xed\xabcs\xf7\xa3 \xfb4r\x83\xc9R\xd4\xb5\xa3w\xdf',8934631.0,42000.0,20000000000.0,100.0,200.0,1573766237.0,8400000.0
"b'\x1e8\xbbm\x8a\xea>~\xc2\xcc\xd4\xfa\x85\x8c+PhQ\x9e7\x0e""L\x02\xdb5\xb3\xe7Mj@K'",8934629.0,75596.0,1000000000.0,36.0,10.0,1573766190.0,755960.0
b'\x1e\xef\xe0\xd5+\xb8\xda\xd8\xacYv\x8e\x06\xde\xcd\xef\xbd8\x01S\xadH\x87\x07\xc3\xb7h\xc4~mb\x8b',8934634.0,21000.0,1000000000.0,36.0,10.0,1573766286.0,
b'\x1f\xae3\xd6\xb9\xfc\xb1\xdb\x14\xa3\xfcml\xcd\xacAL.G\xf4\xa2\xc3\x8f=X\xcbV}\x89\xce<\xbf',8934630.0,90000.0,1000000000.0,36.0,10.0,1573766197.0,900000.0
b'\x1f\xbb\x1ft\xca\x8d\x1a\xb29vU\x11\xcf\x19l\xcdT\x19d\xc1\xbd{m\xebvjc\xdc\xaf\xdc\x1f\xec',8934630.0,90000.0,1000000000.0,36.0,10.0,1573766197.0,900000.0
b'\x1f\xe5\xa7\xd5C\xe8q2\x8eC\x0c\x9fW\xe6vF\x0f\x9dM\xea\xce/\xb4\xd7\xdb\x1f\xa0\x05\xa5\x18\x80\xe6',8934626.0,90000.0,20000000000.0,100.0,200.0,1573766161.0,18000000.0
b'!UYn\x8bb7\xeav\xe1\xd2\xcf\x07\xa9(}\xc4\xdf\xb9\x7f\x91Q\xa6|\xe4\x92T\x87\xfdb\xc7\x91',8934629.0,21000.0,50000000000.0,100.0,500.0,1573766190.0,10500000.0
b'!c\xc5\xf3x\x89\xd0G\xdaL\x84\xa0\xbf\x98\xd8\xa3KI\xa5\x98\xf0\xff\x0b\xfd+iOx\xa9\x15\xd1\xb3',8934633.0,56281.0,1000000000.0,36.0,10.0,1573766280.0,562810.0
b'!}\xbdi\xa7\x19\x04>\xfa\x9e9\xa1\x8dN\xd5i\x1awL\xf0\x86\xfeT&W\xce\xdc\xb4J\n\x1d\xed',8934626.0,566397.0,25000000000.0,100.0,250.0,1573766161.0,141599250.0
b'!\xc8\xb6)O\xd9n\x03\x8fx\xef\x9bs[\xf4b\x8b\xa0&\n !\xfe\x8f\xd1\r\x840kX\x12\xd7',8934626.0,21000.0,10000000000.0,100.0,100.0,1573766161.0,2100000.0
b'!\xecY\xa0\xac\x95\xedq8\xc0\x8c\xefrUj\x01\xdc\x88\xc2e\xb5\xcd{^\x9b\xca\x8e\xb2\xdd\xc7\x9b\x13',8934630.0,100000.0,2250000000.0,36.0,20.0,1573766197.0,2000000.0
"b'""K\x8e\xf6\xc5\xc1\x04\xe7y\xc3\xb2\x85\xa1Qn\xc5\x16#\x81*\xe5\x10D,\x1bsB\rM\xb5Z\xdc'",8934634.0,65500.0,4000000000.0,48.99999999999999,40.0,1573766286.0,
b'#e\x88?\x86\xd6\\\ns$\xc6\xb8\xbc\xbd\xa45LN\xdc\x001\x01\xf6\xe4\xab\xfe/\x85\xaa\xcd\x0c_',8934630.0,21000.0,1000000000.0,36.0,10.0,1573766197.0,210000.0
b'#\x8d\xdf\x0fb\xef\x99\xb4\x15\xa4\x04\xa4\xdfHc\xe1;\xec\x1ec_\t\xe7.\x19\xd2\xd3\xad\xed\x1b\xd9\xbe',8934633.0,110996.0,10000000000.0,100.0,100.0,1573766280.0,11099600.0
"b""%n\x8fo\xf6\xf1c\x932>\x90'\xac6\xe7;\xa2?\xacB\xf1\xe3\x02wN~S\x0e}h\xbd\x86""",8934634.0,90000.0,26000000000.0,100.0,260.0,1573766286.0,
b'&\xa4AFO*.F\xdcqj\xe7\xe1\xb0rS[X\xda \xb5\xba\xae\x91/\xfe\xe0\xf7\x94\x9f\xa7\xa5',8934629.0,90000.0,26000000000.0,100.0,260.0,1573766190.0,23400000.0
b'&\xcf\xe8(\\\xe3@TP\xe2g\x9a\x89|\xa2\x19\xb0\xdb\xf33\xc1>#\x99-s\x94\\\xdd\x978u',8934629.0,35000.0,11500000000.0,100.0,110.0,1573766190.0,3850000.0
"b'&\xd3\xc6\xf4W\x08\xce\xdf\x85\xaa\x1b\xc1\xebnz,\x9eMB\x81\x86%\n\x18\xe5\xc4y\xa5\xb8eH8'",8934634.0,57118.0,1000000000.0,36.0,10.0,1573766286.0,
"b""'\x0e\x81\xd5\xdei\xf3L\xaeC DR3\x16\xedZ\x9d<\xc6\xaf\xfc\x93G\n\xe2r\xe6P\x85<\xfc""",8934630.0,57123.0,1000000000.0,36.0,10.0,1573766197.0,571230.0
"b""'b\x8a\x14\x7fl\x9aB\xd5+\xeaTW\x8fu\x80\x97\x1d\x1el\xdc^\xb3\xd5\xfepZ\xee&$\xe4\xc9""",8934633.0,100000.0,2199999988.0,36.0,20.0,1573766280.0,2000000.0
b')\xf9K\xbe\xc7\xa1\x96[f\xbd8\x91\x1bd\xb9F9\x97\x8c\x11\xc4w\xa0\x0b \xca~\xc0\xefEaW',8934630.0,22000.0,1449000000.0,36.0,10.0,1573766197.0,220000.0
"b'*\x16Hi\xcb\xae\xbdL\xf0\x8f\x85\xd6\x9dBM\xbbE\xf0O\x01\xfc,c%\xec.\x0bk\xdaT\xe0\xe1'",8934629.0,21000.0,40000000000.0,100.0,400.0,1573766190.0,8400000.0
b'+e\xbf\xfc|\x91_\xd1/\x8b<\x1f\x89\x9cS\xd2\n\x8a\x04\xb9\xa5]\x9f\xbb\xde\xe3Wl\x85\xcaK~',8934631.0,60000.0,20000000000.0,100.0,200.0,1573766237.0,12000000.0
b'+\xa6\x03\xa9\xf5_[\xf3R\xd6\xf15\\@\x97\xe9\x1c\xcb7j\xe1#\xe0~E5=`\x86\xde\xcc\xb0',8934633.0,21000.0,2000000000.0,36.0,20.0,1573766280.0,420000.0
"b',\x03\xf0(\xbf\xdcC$2\xe9\x06\x87D4\xa8s\xa3\xd6\x0b\xdb\x0e\xf1\x19\xb2\xbfq\xc7!\xfc\x83]\x8e'",8934630.0,400000.0,11000000000.0,100.0,110.0,1573766197.0,44000000.0
"b',\xd7\nv\xe9\x89Jq\xfb8\x85F\x10v\xeat\xbe\x10;\xeaF\xd4\xddc\xe0\xf2\xf6\xcc\xd0\xd5^3'",8934630.0,150000.0,2000000000.0,36.0,20.0,1573766197.0,3000000.0
b'-LN6\x8c<Qj\xa8\xa5\xce\xcabW\xb9#y\x97\xca\xd5\x1bn\xe8\xe7\xc2\xf6\xeb|R\xeb\xb4\xc6',8934629.0,200000.0,10000000000.0,100.0,100.0,1573766190.0,20000000.0
"b'.\x1esQ\xee*\x07\xac\xdc\x87\x97N\x1dW\xab`4\r9\xbfg\xb9B""\x08\xa9\x86\x8fW\xd1e\x08'",8934630.0,4712388.0,16000000000.0,100.0,160.0,1573766197.0,753982080.0
b'.\x7fa\xcd\xb7Z\xe8&\xf0\x0f-\x05|\x8f\xca:\x84W\x13\xc2rdb\xde\xcc\x9e`\xa0\xa7a4F',8934634.0,21000.0,1000000000.0,36.0,10.0,1573766286.0,
b'.\xb7\x93\xf8@\xfb0\xec\\6\xffy>\xf0P\xe1h\xc9\x83\x19z\x99\xd9}\xb2Z\x1a\xdb\xddo\x197',8934630.0,5000000.0,2000000000.0,36.0,20.0,1573766197.0,100000000.0
b'/06\xe5svtV\xed)\x87\x9c6\xf5X\xdd\xec\x8a\xb9\x8cDG\xba\xe5G7\xf3\xb3I\xba\x1e\xb8',8934633.0,54466.0,30000000000.0,100.0,300.0,1573766280.0,16339800.0
"b'0?y\xaa\'\x1a\xc8\x10\xa3\x91\xd1}\xd0\xd5)lV\x1c]""AE\xa6?\x85\xdc\x1e\x1c\xa6\xad\x8b\xd9'",8934629.0,90000.0,10000000000.0,100.0,100.0,1573766190.0,9000000.0
"b'0\xc2\x8d\xc6\x16\xad\xd6\x98\x9e\x9b\xbd\xf3\x9amh\x01hD\x84am0\x8b\x7f\x0f,\xd7\xd1!R\xa9]'",8934630.0,130000.0,25000000000.0,100.0,250.0,1573766197.0,32500000.0
b'0\xf0\xd4\xdd\xc4\x846\xc2\xadR\x92\xc2\xe4\xe2\x85\x0f\x12\x14w\x05\xe3&:\x15\x89\xc1\tr\xd4$a\x12',8934629.0,21000.0,30000000000.0,100.0,300.0,1573766190.0,6300000.0
"b""1'*\xf4=\xa1u\xaac\xb1&\xdesp\xfb\x9ee\xa4\xdc\xdfG\xd4\xf6F\x82&\x0e>@}|S""",8934626.0,80000.0,30000000000.0,100.0,300.0,1573766161.0,24000000.0
"b'1\xf3\xc2Qd~,\x11\xe3\x0f\xc6k\xe3\xe3=\xb1\xc6\x17\xc2\xbaY\xe4p\x9f;\x12\xf0\xf2\x86ad\xce'",8934630.0,21000.0,2000000000.0,36.0,20.0,1573766197.0,420000.0
b'2\xb1Cm\xd3\xe5\rH\xe3\xc6_\xa6\xf4-U\xab~\xce\x88P\xbah}\xb2.\x95)\x8b\x8f@\x9b\x9f',8934634.0,44339.0,1000000000.0,36.0,10.0,1573766286.0,
b'2\xd2\x1d\xccY]\x11\xc7LXZuJ;D\xb8\x92\xfa\xcc\x80\xc0\x16\x8e\x8a\xe4y\xcaY$Zv\x12',8934634.0,47585.0,1000000000.0,36.0,10.0,1573766286.0,
b'3\xab\xa6\x93%\xa9\xd8_\xa0\xa7[\xa3r)\x0cd\xaf\xd0\xed\x9c\x8f\xdd\xb8dEW\xcc\xc7\x1aN\x9b\x9f',8934630.0,21000.0,1000000000.0,36.0,10.0,1573766197.0,210000.0
"b'4[g\xaa)bY\xef\xd9%S7ZW\xd1F\x85\xfb,<\xe9DG\xbc\xe5\x11W3j\x98B\xc1'",8934633.0,95000.0,19000000000.0,100.0,190.0,1573766280.0,18050000.0
b'4\x914\x01/\x9f\xd1vI\x1d\xee2\x1f\xb9\x94\\~F\xa2q\xb6F\x11A\xd4\xd9g\x93AN\xdf0',8934633.0,120000.0,10000000000.0,100.0,100.0,1573766280.0,12000000.0
b'4\xd1Oz9\xea==!\xf6\x1e;3\xe3\x05F\xba\xa1]\xdb\xb3\x88wtn|7\\Zc\x07\xb9',8934630.0,54466.0,30000000000.0,100.0,300.0,1573766197.0,16339800.0
"b""4\xffGc\x15;\x84C\x81\xf9\x1b\xdc\xb1UN\xeb\xbeoqG\x85\x0b\xd3$\x0f'ge\xca\xa0BI""",8934629.0,5000000.0,2000000000.0,36.0,20.0,1573766190.0,100000000.0
b'56\x8d\xcd\xaa\x87\xda9=\x81\n\xdd\xac_8\xd3\xdb\xe8S\x80\x0f?\x99a\x84\xac\xb5\x95\x0b:f\xb3',8934630.0,85776.0,8000000000.0,64.00000000000001,80.0,1573766197.0,6862080.0
b'5\x90\xea\xbe\x01!\x91\x8bp\xca>\x89\x13s;Bb8\xb3E\x0e\xbbz\xd7\xed^\xa4\x18\xaa\xaa\xb6S',8934630.0,21000.0,1000000000.0,36.0,10.0,1573766197.0,210000.0
"b'6\x1dH\x04\x93U\xa7\xa6\xae,\x8b\xce\x7fl\xe1ON\xa2\x9d\xdd\x88X\xa6\xbbn.\xd0\xbc\xf7\xef\x0fF'",8934630.0,90000.0,1000000000.0,36.0,10.0,1573766197.0,900000.0
b'7\xa1g\x9cb<\xe4DU?\xe4\x86\x00\xe5\x07\xb7U\x89\x08\xc2\x06\x88$\x07\x0e\x1b\xd3\x86BD\xf1\xd3',8934631.0,100000.0,10000000000.0,100.0,100.0,1573766237.0,10000000.0
b'7\xfe!\x902\x8f\xc8I\xa6=J\xed\xa7\x01v\xee\x99\xea\xd7\x06A\x9d\x0c_*$\\\xf5\xd3\xb0-\xe5',8934633.0,200000.0,10000000000.0,100.0,100.0,1573766280.0,20000000.0
"b'8\xc2\xa6\xb8\x7f\x10.7\xda\x93\xbfaZ\xa5q\xf6\xfe\xed\xad\xe1\x9a.s\x01Q\xc1""^x\xfb\x04o'",8934634.0,90000.0,1200000000.0,36.0,10.0,1573766286.0,
"b'9\x16_\xa2\x05\xf8\xabS6cW|7\x84\x18=\x02*\x7f,\xc5\x1a\x0e\x06\x1dzHS# BB'",8934631.0,90000.0,26000000000.0,100.0,260.0,1573766237.0,23400000.0
b'9!\x0f\xd2\xf4\xbc\x9a_\tU\x1f\xe3\x9f\xf5\xe5GH\x00\x97\x98\xd6Y\x00\x9b\xdb\x1a\xed\xa7#\xdf\xe4\xf6',8934626.0,54466.0,30000000000.0,100.0,300.0,1573766161.0,16339800.0
"b""9P'/\xd41\xdd;\xbd\x19\xb4c\xeb=oPI+$\x827/{tq\xc7=\xae\x96\x03\xe1\x87""",8934631.0,200000.0,19000000000.0,100.0,190.0,1573766237.0,38000000.0
"b';\x0f\xde`SI\xc2v\xb2\x1e(C\xb1\xbaRl\xb0Jm\x82\xa5iD""\xd7\x9f\x90\xee\xbeB\xe6\xe7'",8934634.0,1600000.0,10000000000.0,100.0,100.0,1573766286.0,
b';\xb5\x94^\x94\xd2\xe1\xbf\xe3\x85*\xfb\x98m\xaa`\x10y\xe4;\xae\xa9t\xadl $\xb1b\xb3\xd8H',8934633.0,100000.0,2250000000.0,36.0,20.0,1573766280.0,2000000.0
"b';\xdfP\x90\xe9f\x84d\xe6\xe1\x03c""KdE\xaa\xfc\xe2o\x95\xe1&\xa1<\xeb\x02\xd3y\x14s\x0e'",8934630.0,52051.0,10000000000.0,100.0,100.0,1573766197.0,5205100.0
b'<\xc2\x97\xa6\xee\xa9{\x7f\xf0#\x8f\xfc`\x01\xa2\xf2v0\xe3#\xfbsm\xd4\xcc\x08\xc7\x06\xfeI\xc1\xc5',8934629.0,50000.0,3000000000.0,36.0,30.0,1573766190.0,1500000.0
"b'<\xd8\x84\xc6\xe0\x10\x06\x14\xf2-;&\x8d\x01\xfe3$\x18\x8e=,\x1a\xef5@\xa6\x17\xcc*\xeeX\xe1'",8934634.0,205032.0,1000000000.0,36.0,10.0,1573766286.0,
b'<\xf6\x85\xa0wh\xbdLD\xdbH\x1d\xe0\x03\xcf\xd1Y\xff\x10\xd7>\x91*\xeb_\x91uI=\x8dGv',8934630.0,60000.0,1100000000.0,36.0,10.0,1573766197.0,600000.0
b'=\xc6m\xddJ\xd1\xb5\xb7f*\x10\xb4\xd6\x1aZv\x1a\x99[\xca\x84\xbb\x0f2m)H\xdc\x7f\xacrk',8934631.0,21000.0,20000000000.0,100.0,200.0,1573766237.0,4200000.0
"b"">\xd0\xb6\xf3\x05'OP\x8a!\t34\xbe%\xd6\x8f(\xfd\xb7\x9b\x8d\xd3@y\xfc\x90\xa7#\\\x1d;""",8934630.0,38976.0,1100000000.0,36.0,10.0,1573766197.0,389760.0
b'>\xe8\x1dr\x87@j\xe7\xc3\xb1\xaa*\xbfE \xab\xf9\x0c{\x1c\xe9#\x14\xbfR\x90U]a\xb9\xa8\xb9',8934626.0,65000.0,31000000000.0,100.0,310.0,1573766161.0,20150000.0
"b"">\xee\xd0\x17\xd7,E~_\xef\x985b\\\x0fE\x17\x13\xb1 \x8b^N\x00\x9e\x97\xd0{\xda\x17'g""",8934630.0,22000.0,23805000001.0,100.0,230.0,1573766197.0,5060000.0
b'?k\xc1=\x878\x17\xe9a\x87\xbe<\xdd\xdc\xaa$\x92Z\xbdBd1\xaf\xabQ&\xa3{\x06\xf4\xbd\xea',8934631.0,81000.0,25000000000.0,100.0,250.0,1573766237.0,20250000.0
"b""@Z]\x89EZK\x93Nn\xceM5;\xcf\xd6\x92v!\xaf\xe1'\xe9\x03\x19\xbb\xbd\x11s~!\x91""",8934630.0,110996.0,10000000000.0,100.0,100.0,1573766197.0,11099600.0
b'Ch\x8f\r_\x85Bd\xa6\xae\x17)\xdb:\xc8C0\x82\x03\xaa\x1a}\x95\xa6\x0b\x00R\x87\x02\xf2p\x1a',8934630.0,21000.0,10000000000.0,100.0,100.0,1573766197.0,2100000.0
"b'C\xec\xb8\x16G\xcaedx\xec&\xcf\x1e\xd4%\x9b\xba\x90\xbf*\xf8\x99\xc4\xa9F}""\xd9\x1f#\xe5M'",8934634.0,21000.0,1500000000.0,36.0,10.0,1573766286.0,
b'D6N\xff\xb6\xcdv\x86\xcf\x90\xd4\x00_\xda\xcam\xb4x\xf4\xb2\xb3QG\x97$\xfc\x8f\xc5q\xb3\x18*',8934633.0,250000.0,30000000000.0,100.0,300.0,1573766280.0,75000000.0
b'DJ\xb9X\xcdr\xbe=9\x12\xe3M\x84\x1b#\xd1\xf7R\xfb\xb3-\xb9\xa7\x06\x8f\xaa\x9a\x06Z\x7f\x96E',8934629.0,100000.0,18000000000.0,100.0,180.0,1573766190.0,18000000.0
b'Dm\x1a\x8f\xe5\xf0\x89\xbb\x81_\xec>\xe4\xe4\x9c\xc7\xce\xf6\xc0\\\xd0\xddW@\xdd\x90n\xe6\x14\t\xcc\x9e',8934626.0,21000.0,41000000000.0,100.0,410.0,1573766161.0,8610000.0
b'D\xb5\xf1\xfa\xa2\x84\x11~\xaa\xf13\xe5\xf4\xb7\xfd\xc7\xfe\x92o\x13B\xca/\x08\xae\xdf#u\xae\xfc\xee\xd6',8934630.0,139580.0,4000000000.0,48.99999999999999,40.0,1573766197.0,5583200.0
b'D\xeaP\xe2q\x83\x02n\xa4^\xc3I\xfe2\xe7\xdbV\x8eO\xd7\xe8\xca\xbf\xf1um>Q\x81\xbfK\x96',8934633.0,21000.0,30000000000.0,100.0,300.0,1573766280.0,6300000.0
"b""EK\n\x02\xfe\xbd6\xb6\xa2+\xcbu\x99\x04LO\xe0P\x15%y\x18\xdd\xd2\x94'X\x04\x93F\xc2\xb9""",8934629.0,90000.0,1000000000.0,36.0,10.0,1573766190.0,900000.0
b'E\xf5\x92\xa4\xde#\x81\xa7\xfc\xae\x11[\x1f\xe3\x07\xf4\x94\x1ap\x98\x96\x9f\x03\xebm\x11\x84\xca<\xb74\xeb',8934630.0,60786.0,1000000000.0,36.0,10.0,1573766197.0,607860.0
"b'FjL\x84\xc3""\xbcaDk\xa0=\xec\x8b\x0c\x08\x96\x9cI<d?\xef-\xf0\xc1\xdc\x89\xd1$\x82\xe5'",8934630.0,21000.0,30000000000.0,100.0,300.0,1573766197.0,6300000.0
b'F\xaa\x1dJ\xa9\x15\xbc[\xbd\x82\x9az\x81\xfd\x88\xca2F\x88\xde\xf1\xbf\x82\x9f\xe2\x05]\xcd\xb0\xf8\xc3\xcd',8934630.0,5000000.0,12000000000.0,100.0,120.0,1573766197.0,600000000.0
b'Gx\xb9\xa4\x97\xf7\xd2g\xa7\xfa\xca\xe5\xadd\x89\xe8\x14\xa1\x0f\x9b\x97\xc9\xaf\x95(\xca\xf6\x9d\t\xfe\xcdX',8934627.0,21000.0,10000000000.0,100.0,100.0,1573766175.0,2100000.0
b'G\xa8\xc0\x01y\xc0Do\xc5\xa9!\x82;\x13\x96W\xe4\xdaJ1\xb8-\x07#f\x13\xc2\x9d\xe2n\x8a\xfe',8934630.0,21000.0,6000000000.0,48.99999999999999,60.0,1573766197.0,1260000.0
b'G\xd0@H\xa5d\xcd\x98\x05\xe3V.|\xc7M \xc8\xc9<\xcc%\x89\xa5\x1a\x83BBY\x8a\x1fX\xce',8934626.0,42000.0,20000000000.0,100.0,200.0,1573766161.0,8400000.0
b'G\xd9c\x0c\xdb\xfbA\xbd=\xe4w\r\xf5^\x8a\xcd\x1a5\x99\x06\x82n\xebEF2\xddk\xd14\x8d\x04',8934629.0,60000.0,22000000000.0,100.0,220.0,1573766190.0,13200000.0
b'G\xf7\xd6\xfcg\x9a\xcd\xc6\x06\x94\x14\xa6\xc2a\x1d\xd3H\xd4\\j\xc1\xe8\x0b=\x1fd\xd2\xdfs-\xa6\xa4',8934629.0,100000.0,2250000000.0,36.0,20.0,1573766190.0,2000000.0
b'H:\xa9%\x04\xe9\xc5(\x8e+\xdf\xe1\xeb1n\x02R\xac\xfa\xfe\xd2\xcbB\xfa%\x7f(I\xc3\x8e\xe4\xc7',8934633.0,50000.0,3000000000.0,36.0,30.0,1573766280.0,1500000.0
b'H\xf8HU\xf9\xd9\xcd`8\x02R\xd9\xcam\x1e\xc2\x8c\xcd\xd3\x8dr\xc6\x00\xa1\xdb\x01\xb4?J\xcca&',8934629.0,21000.0,10000000000.0,100.0,100.0,1573766190.0,2100000.0
b'Il\x18\xa4$\xb2\x15\x8e&\xed\xb3\xc1\xb8fy\x8a\xeb\xbb4B\xfdi\xe9\xe4mV\xcf\x97\x08F\\\x90',8934634.0,55000.0,1000000000.0,36.0,10.0,1573766286.0,
b'I|(\x8d\xd5\x184\x1d\xd1\xe1p;G\xeal\xa1\x8a\x94\x04D-\xbc\x9cVqgY\xd9\xbb\x0f_~',8934630.0,90000.0,1000000000.0,36.0,10.0,1573766197.0,900000.0
b'J!\xd4\x97\x84\xd5\xf0.\xc6\x8f\xdd\xa0\xd4F\xb83\xb7\x04\x91\xf9\xda\xc3\xed`\xdc\x99\xbbg\xa6\xa6z$',8934630.0,42000.0,1100000000.0,36.0,10.0,1573766197.0,420000.0
b'J\x9c\xc2\x931\x8ayq^\xc0:a\xd8Y\xe3\x1d\xdaEo\xdf\xdf\xad\x06\\U\xeaJB&\x96{\xcf',8934629.0,210000.0,27644581054.0,100.0,270.0,1573766190.0,56700000.0
"b'K\x9e\x9f\x1e#M\xfd%\xc1\xfb\xa8L""\x10\xf9\xc0\xae\xf2rl\x87f\xf3\xacu\xaa\x15v\x06G8d'",8934630.0,90000.0,1000000000.0,36.0,10.0,1573766197.0,900000.0
b'K\xbb\x07\x1d\x7f\x9c\x0e\xe1\xadf\xcb\x0b\x86\x16\xce\x84\x015\x87N\xff\x07:\t\x8b \x16\x8af\xbe\xb4\xf6',8934629.0,21000.0,1000000000.0,36.0,10.0,1573766190.0,210000.0
b'K\xee\x1dV\xc4\x05\xd0\xed\xd3\x0f\xe0\xb0\xef\xaf\xd7\xe9w\x0f\xab\x90dn\x14\xee\xec\xc2\xe9W\xa5\xf8\xb5\xa4',8934633.0,21000.0,30000000000.0,100.0,300.0,1573766280.0,6300000.0
b'L-\xb4L\xb3\x02$2\xb0\xbf\x96#\xf5\x0c\x11\xdb\x1fa!x\xd9\xd4S\x08\x80\x0e\xc6\xf3\x92%\x9f\xce',8934630.0,250000.0,12000000000.0,100.0,120.0,1573766197.0,30000000.0
b'L=\xf4\xab\xa7\xee.L\x94\x9f\x80C/1(\xb9O\x08\x0ff<\xfd\xee\xce\xe2wd\xcc\xec-\x1d\xb7',8934626.0,21000.0,10000000000.0,100.0,100.0,1573766161.0,2100000.0
b'LY\xf2\x02a\xd0\xa6\xf7(\x99\x15)\xa9s\xf9\xd1g\xddG\xbe\xb3\x8bF\xc7V\x8ag[y\xb2\x86\xe5',8934630.0,1000000.0,1000000000.0,36.0,10.0,1573766197.0,10000000.0
b'L\xba\xacC\x06X\xd1\x84}\xe7\x17x\x9c\xec{5R\xd1\xbd\xb8\xfd`\xd5A-\x91\xd9\x8f\x94W\x0c\x03',8934630.0,38796.0,1000000000.0,36.0,10.0,1573766197.0,387960.0
b'MiK\x13-/\xe3\x04\xd3\x90+\x1e\xd7\xb8\x00{b\xb3W\x85n\x96O\xd8(S\x1fe\x87#o\xc3',8934630.0,100000.0,2250000000.0,36.0,20.0,1573766197.0,2000000.0
"b""N\nve\xb9\xd8C\xfak\xb4\xf2r\xc9?\xec]\xe8b'\x1fyb\xad2P\xb5\xcf\xa7\x0e\xdd\xbd$""",8934629.0,669173.0,1350000000.0,36.0,10.0,1573766190.0,6691730.0
b'P\xd0\xde\x1c\xb7\xa6\xe8`\xe6\xff\x98\x0e\xd3\x8b_\xbc+C\x9c\x04\x11\xe7(\xf4\x87\xbb\xb9\xb3z\xfe\xc91',8934629.0,248952.0,5000000000.0,48.99999999999999,50.0,1573766190.0,12447600.0
"b'P\xd4\x8c\x8f\xe2\xf8|!\x9aE7\x1b]\x07\xe7k\xfb\xa7,]\x17n\xf7D\x9e\x14\x99\xf9\xe4t\x7fa'",8934631.0,1600000.0,13000000000.0,100.0,130.0,1573766237.0,208000000.0
b'Q\x9c\xc5.E\x08\x9f[\xfc\xdb\x81\xda\xbc\x02\xf637!\x96\xab\xdaXY\xce\xb2\x98\xf4r\xdc\x0f\xa9\x1e',8934630.0,180000.0,21000000000.0,100.0,210.0,1573766197.0,37800000.0
"b'Q\xa3fl\x0bJ\x9aH\xaa\x91o1\x0f\xb5\xe0\xc0\xdf!\xbd^\x9e\x10LV""\x06\xee\xb9\x02\x06\xac^'",8934634.0,65000.0,31000000000.0,100.0,310.0,1573766286.0,
b'Q\xfd]-k\xb9E\xbbe\xf1\xe1\x8c\x142\xa2\xe0\xef;n\x96\xc9\xbb\xcdj\xf4\x95ls\xbf\xcal\x97',8934626.0,150000.0,22000000000.0,100.0,220.0,1573766161.0,33000000.0
"b'R\xbc,\x03&@%\xc8\xe9\x7f\xb96\x06`*>k\x87{\xad\xa8\xf2\x10\xc7u\xce\xcd\xf6\xa7\x93\xdb\xe8'",8934633.0,100000.0,15000000000.0,100.0,150.0,1573766280.0,15000000.0
b'R\xfd\x16b\xef\x813\x13\x82-\xa95m\x16\x9f\x86\x7f\xe5#\x9a\xc2zZ\x15\x8f8Th-pd1',8934630.0,21000.0,1000000000.0,36.0,10.0,1573766197.0,210000.0
b'SP\xcf\x0b\xc8\xe7.\xd0\xb0U\x13PZ\x8e-\x8ef{5\x9b\xb2\xda%\x9b\x8e\xf5\xadS\x1b1\xec\xf7',8934626.0,90000.0,20000000000.0,100.0,200.0,1573766161.0,18000000.0
"b""SR\xc9\xfea \xef\x19\x92\xcb\x14\x92\xb88E\xdc)a\x01\xd0Ae'L\xea\x93n`\x89\t\xc1i""",8934627.0,166666.0,50000000000.0,100.0,500.0,1573766175.0,83333000.0
"b'S\x82u\xc6sqy\xeb\xccQkc\xd7\xf7\x03pz\x05\xe6t\xa3\xf5\xad\x11~!{\x02"".\xa2\x1f'",8934630.0,21000.0,10000000000.0,100.0,100.0,1573766197.0,2100000.0
b'S\xa6/\xf6U\xfd\xd8v|\xb7xT&\x10hc\xc5\xbc\x81k\xc5\t^\xaa\xe9\x08\x95A1\xabb\x1b',8934629.0,36601.0,1000000000.0,36.0,10.0,1573766190.0,366010.0
b'S\xf7\x9c\x9em\xf9\xb6le\xdaN\xfd\x1c@\xa1\xc2\xb0\x99\xc0\xb0M\x9b\x80\xf4\x08In\xd9\x1et\xd8_',8934633.0,21000.0,10000000000.0,100.0,100.0,1573766280.0,2100000.0
b'T\xbdnq\xca4\xd6\xe1\x89\xce\x94\xd3\xcdKw\x96\xa2\x06q\x01\xe4\xc1\xe8[\x9d\xd0\xb8^]3|?',8934634.0,291151.0,6000000000.0,48.99999999999999,60.0,1573766286.0,
b'U;\x87\\\x87)\ro0\x13\xea\xa1&\xe3\xc0\xb3\xa7C\xb4\xbc\x01k\x13\xd2\xcf\xca\xbf\xf6\x9a\xc2\t\x9f',8934633.0,600000.0,4000000000.0,48.99999999999999,40.0,1573766280.0,24000000.0
b'UjO\x99\xed-\x98\x08\xf1ZGZ\x93\xee\x1a\x03M1\x1b\xaf\x04<\x8d\xdc!S\x03\xdd[\xed\x8c\xf3',8934631.0,1600000.0,13000000000.0,100.0,130.0,1573766237.0,208000000.0
"b'Uy\x042\x0bHl\x00l\xfe1K;a%\x1a\xf9/GT,\x02\xbeUL\x8c\xeaeA\xd2\x82\xe4'",8934630.0,2000000.0,40000000000.0,100.0,400.0,1573766197.0,800000000.0
b'U|e\xb0\x85I\xa7\xce`})9\x19\xfb\xec\xe07\x19k\xc6\xb7\xef\xdb\xe4\x1e\x9c\x8c\x10\x9b\xcf\xd2\xd1',8934629.0,166666.0,50000000000.0,100.0,500.0,1573766190.0,83333000.0
"b'Vrrv\x8b\x06\xed\xa6D\xf2\x7f]ia\xa5\xffE\xc7F\x81\x14\xd5\xb6\xd7;,\x07\x04\xcb\x8e\x8dg'",8934631.0,90000.0,26000000000.0,100.0,260.0,1573766237.0,23400000.0
b'W\x916\xd0\x06\n\xbc\xda\x8bg\xf5\xcb\xc9q\x13\xce@\xc4\xcer\xd9\x18\xbf\xfah\tlQ\xe4\xa4\xcb9',8934630.0,200000.0,10000000000.0,100.0,100.0,1573766197.0,20000000.0
"b'W\xbd\xc6]9\xf5\xe2\x18h\xae\xf7Y""J\x98\x19J\x94\xc8\xc1w\xf9\x99\x10\x17\xd6f\x93\xaf\x04\x93\x06'",8934633.0,100000.0,2250000000.0,36.0,20.0,1573766280.0,2000000.0
b'X\xef\xe1\x9eQ\x93\x94\xf0\xc9\x95\x96\xbe\x82\xb4\xc9\xed&\x9d\xf1\xa8\x06@\xdf<p5\x8d\x8eQ]\xf4\xa1',8934626.0,21000.0,10000000000.0,100.0,100.0,1573766161.0,2100000.0
b'Y3\xa6\x811:\xb9-\x06\xa3\xa9\x8as\xeeRxM\xbeH\x86~\x14\xef\xce\xf3%H\xc1\xf2\xc2\xd1\x16',8934629.0,100000.0,2199999988.0,36.0,20.0,1573766190.0,2000000.0
b'Y\xf6:\xf1\x90\x83:t\xa3X\x97\xbd!\xba\x18Y\xb1J\x05\xd2K^!\x7f\xbf\xed\x0b\tW\x1cM\x12',8934634.0,103005.0,1000000000.0,36.0,10.0,1573766286.0,
"b'Y\xff""d\x97!U\xf59\xa8-,\r\xc2\x9e<\x11<\xf3Hz\xf4\xfb\xa9\xd1s\x0b\xe1d~\xe4\xe5'",8934632.0,99924.0,10000000000.0,100.0,100.0,1573766258.0,9992400.0
"b""Z\xcd\xfb\xb4\x8b\xdab\xbddlx\xff\xae\x1e\xbf\xb0\xfc\x98\x0e\xbbLLYK,\xdc9X'{\xed@""",8934633.0,21000.0,1000000000.0,36.0,10.0,1573766280.0,210000.0
b'Z\xdc\x86\x10\xef\xa204\x9f3\x04m\xcb\x974Q\xb1\xf3\x10/h\x9e\xdb\xfa<\xab\xbf\xe1\x86ka\xf1',8934630.0,200000.0,19000000000.0,100.0,190.0,1573766197.0,38000000.0
b'[\xd3\xac\x91\xc5C\xd9\xef\x81e\xb3;\x16A\xfb~%v1\xbe\x9c\x1d\xa4\xa1~\xef\xb2;\xd7\xbej\xd5',8934626.0,1600000.0,10000000000.0,100.0,100.0,1573766161.0,160000000.0
"b']\x8a\x8f\x01\x08\xbb \xb7\xef\x12/\xaeP\x9c\x8d\xa5\xbf\xb7\xba\xaf44s\xf3\x9d\xf5,\x12\xb2\n\xe6 '",8934630.0,100000.0,71000000000.0,100.0,710.0,1573766197.0,71000000.0
"b']\xb5\xa7C\x85\xe6\xe8\xa4\xf7\xf6""q\xae{\x8f)\xc3\x05{q\xb7?\xb6y\xd9\xa7\xaa\x80DW\xa6\xe7'",8934633.0,250000.0,4000000000.0,48.99999999999999,40.0,1573766280.0,10000000.0
b'^N\x15\xfb\xf2\xc0\xf9?\xeb\x13\xaf\x99&\xf1~=\xa1\xbf\xfd\xe5\\)(v2J\xc3?7\xb8c\x1c',8934630.0,1500000.0,1000000020.0,36.0,10.0,1573766197.0,15000000.0
b'^\xc5\xba\xf6\xfa\xf8]\xce\x97\xca\xd1\xe2*\x1d\xd8\xd7\x89\x07\xbc8)U\x9e:\t\xf84\xf9\xa9i\xee:',8934630.0,1000000.0,10000000000.0,100.0,100.0,1573766197.0,100000000.0
"b""`\xe8\x02\x010G\x9f\x02\x07\xda'\xee\xae\xb4\xa5\xdfF\xf63B\xf6\xe4m)>'\xcc\x06bk~1""",8934629.0,22000.0,5000000000.0,48.99999999999999,50.0,1573766190.0,1100000.0
b'c\x1e\xc2\x05\xf3\xb3\xdd.\xa0[@\\g\xed\xcd\xcd\xae-\x9b\xb7%\x14\x88\x19q\xa4\xbe\xf8\xbe0M\xa2',8934631.0,54466.0,30000000000.0,100.0,300.0,1573766237.0,16339800.0
b'cb\xf7\x89w\x82\x08\xd0\xc8=\x15R\xac;N7\x01\xadh\xdd\xa6.\x85s\xa2}\xf0Hj\xe0\xe1\xf8',8934633.0,100000.0,2250000000.0,36.0,20.0,1573766280.0,2000000.0
b'cch\xab\x1d\xd0\xcb\xf2\xcd\xd0\xa3Z\xc0\x1b\xd4\xdd\xe3kV\xb2e\x81\x8a\xc7\x94\xef\x18\xbd/kxN',8934630.0,200000.0,11000000000.0,100.0,110.0,1573766197.0,22000000.0
"b'd\x06\x12\xd2\xc0\xfc}q0\xee\x04\x0e\xaa\xa7\xba|""\xeb\xe9\xab\xb1\xa6\xa7\r%\x8dV\xee\xf1.\xc2\xb2'",8934631.0,21000.0,10000000000.0,100.0,100.0,1573766237.0,2100000.0
b'du\xc10e=\xc3\xcb\xa4\x80\x19\x9da\xfdr\x0e7\xfaU\xaa\xa8YHdL\xa9\x17\x88\xf9\xd46a',8934633.0,21000.0,10000000000.0,100.0,100.0,1573766280.0,2100000.0
"b'd\xd1\xc8\xb9\xb6\x8dC\x16=L\xe2{""\x8c\x03a\xdd<~\x96\x91v&\xa7Vn-\xfc)\xed\x17\x15'",8934633.0,200000.0,1000100000.0,36.0,10.0,1573766280.0,2000000.0
b'e\x1a\xeblzLA|\xec\x01pEo>\x0cQ{\xae+\x16?U\xcckH@Z\xa5\x90\x94\x13\n',8934633.0,500000.0,41000000000.0,100.0,410.0,1573766280.0,205000000.0
b'efcG+\x83Z\x98B\xe5\xb9\xd5\xf6\xe46;\xa2\x96B\x04\x83*\xfe\xb9\rN\xd5\xc36\xd3 \x90',8934630.0,250000.0,10000000000.0,100.0,100.0,1573766197.0,25000000.0
b'g7\x0b\x0e\xf4c\xdc\x19\xaf\x1f\x16\xac\xe9\xe8\xa7\x9dL\x1c\x90\\\xfe\x0e\xb6z\x10\xea\xf5\xa7G\xb0\xf92',8934634.0,96888.0,1000000000.0,36.0,10.0,1573766286.0,
b'gHn\xb2;\x1b\x99v\x0b\xa3h\x8b\xc2qv\xbaQ!\x01\xb980%Z\x8dDFZO\xe2\xe3\xf1',8934634.0,100000.0,25000000000.0,100.0,250.0,1573766286.0,
b'gWd\xc0\x7f\x19\xd4\x0c\xd8c\x86\xa1+\xa5\xfe\x99\\\r\xa5Ix\xcb\xda\xd7O\xa9\xe8d\x96\xb0\xbeB',8934631.0,52868.0,5000000000.0,48.99999999999999,50.0,1573766237.0,2643400.0
b'g\xbf\xc2\x10<\x8b\xeb}\xc2\x16\xca\xb5\xcf4\xc4\xa33\xb4\xc3\xce~\x82\x03\xa6\x05\x89\x90\x9atZ\xa06',8934633.0,90000.0,40000000000.0,100.0,400.0,1573766280.0,36000000.0
b'g\xcbL\x9b\xbc\xe9\xe3J\x00WU\xe8\xda\xd26\xc0`\xc5\xdf\xf64P\x83\x01\xb2\xb0\xba\xd5\xfb:\xf55',8934629.0,21000.0,41000000000.0,100.0,410.0,1573766190.0,8610000.0
"b""g\xe1\x1e\xa7\xeb',x'\xd2\xd49\xea\x04\xdd7\xe0\xd9\x00\r\xc45\x17#\x88\xd9\x7f\xd1\xbd\xd1\xa1\x14""",8934633.0,21000.0,1000000000.0,36.0,10.0,1573766280.0,210000.0
b'h\xb2%F\xfb\x0c\x9d\xe0pANr\xed\xde\x9c\xd3\x04E\xaf\x9fU1\xeb\xd9\x8an\xf5E\x19C\xf6(',8934629.0,166666.0,50000000000.0,100.0,500.0,1573766190.0,83333000.0
"b'i\x7f\xcfn\xf2o\xfc\x83\xd8[\x1d\xa5~\x0c\xd6""\x14\x88\xee\xe2\xe8\xf6s\xb8M\xd2>Ze\x0f\xfd~'",8934626.0,60000.0,20000000000.0,100.0,200.0,1573766161.0,12000000.0
b'i\x99\x04\xbf\xf4\xfbf\xf6\xd2\x9a\x10\xecVAF\x1fjq(\x14\x85\r\xa5?z\xdd\xc5\x0c\xbddR\xc3',8934626.0,52051.0,10000000000.0,100.0,100.0,1573766161.0,5205100.0
b'ke\xa3?\xf5YDi.\x82NY|\x1e\x9f\x13x\xf8||Q;\x80\xfdB\xa3\x88\xc1\xd6f<\xfa',8934630.0,21000.0,30000000000.0,100.0,300.0,1573766197.0,6300000.0
b'k\xfc\xccY*\x07\xb2\x904\x86\xfa\x93\xdb+\xb73*\xb5\x84\x03o\x0e\xec0\xf0\x90\xf5\xe8\t/K\xe3',8934631.0,75000.0,20000000000.0,100.0,200.0,1573766237.0,15000000.0
b'lY\x88\xcd[\xb6\x01\xafE\xab\x07h\x88R\xb6fA\x86\x0bAt\xe9\x0f\x08\xa5\xf67\x95\xaf\x8c%\x93',8934631.0,21000.0,10000000000.0,100.0,100.0,1573766237.0,2100000.0
b'l\xc7\x9f/s3\xff\x9c=\x117\xe8RS\x19\x8c\xe4s)d\xd9\xb8z<\xcb1\x8f\xf2\x03\xb2\xb1\xd2',8934630.0,200000.0,10000000000.0,100.0,100.0,1573766197.0,20000000.0
b'l\xd2\xa1[7\x03?\x98-\xcf\xa47\xaa\xab\x0b\xf2\xc2:\xdd$\x9e\xa4\nHb\x9dpGv5\x83i',8934629.0,42000.0,20000000000.0,100.0,200.0,1573766190.0,8400000.0
"b'm""#\xae\xcf\xfdk\x0b\x15\x12+{O\x80\xd6\xbc\x14\x1d<!\xdd\xa7\xd3\xe3\x02\x9b\xfd\x98\x9du\xfe\xa5'",8934630.0,36452.0,1100000000.0,36.0,10.0,1573766197.0,364520.0
b'n\xcc\xe8I\xcd\xcf\xc2v\x04\xde\xa45\xd0\x1c\xba\xee\xd6[\x89\xf5\xe2D2\x18\\\xc5\xf7\xbb\x00\x1dy ',8934629.0,21000.0,1200000000.0,36.0,10.0,1573766190.0,210000.0
b'n\xf81?\xd6\x14:\xe0-\x1e~\xe1o\xf5\x1c\xb0\x11]Kj\x0b\xd8-\x01\xe1s\xcf\xfe=\x02#\x15',8934631.0,21000.0,10000000000.0,100.0,100.0,1573766237.0,2100000.0
b'o\x84aa\xd0\x81o\xae)\xdbS\xbbr\x97I\xb4?\x9b\xdfp\xaa\x84K\x17\xc0\x80F\x10\xb2`\xbb\xc4',8934629.0,420000.0,3000000000.0,36.0,30.0,1573766190.0,12600000.0
"b'o\xce\xba\xa9\xd4\xc8o\xfd\x04\x1dy\xd1I\xf9g\xd8\x10\x1b\xf9\xcc\xbdR\xd5\xf5\xdbA\xd2\x9b,\x07L\xec'",8934634.0,204567.0,1000000000.0,36.0,10.0,1573766286.0,
b'pu\x8e\xed\x83\xb3P\xce\x8a\xe9f>\xfc\xfef\xd9\xfb\xc2\xcdB/\xf1\xc4\xe8\x1b\xdfd\x0c\x0b\xedd\xfb',8934629.0,41000.0,2000000000.0,36.0,20.0,1573766190.0,820000.0
"b""p\xf0\xee\x00'\xb0\x16\x10\xcc\xe9\xf1w\xa2u\x93\x19\xde\xf2\xd3\xac\xcb\xaa\x8b_i\x18&\x0f\xc9E\xd2\x19""",8934626.0,60000.0,25000000000.0,100.0,250.0,1573766161.0,15000000.0
b'q\x96\xa3\xfd\xab\xe5XE\xc4G\x8dc\xe3\x0fL\xc9\xc8\x8c\xff\x90\xaa23\x0f0\xc2\x11\xb4\xb9\x95\xed\x1d',8934632.0,150000.0,13000000000.0,100.0,130.0,1573766258.0,19500000.0
"b'rB9Sl==\x7ff\xdd\xa1SP]X~HLx`,\x113\x9e,\xa8\xfe9\xe6\xae\xf0\xc3'",8934634.0,21000.0,1000000000.0,36.0,10.0,1573766286.0,
"b'r\xf2gt\xf3\xa2\x86P\x08FY\xa5m}\x0f\x92\xc8\t?\xc6K[^\xc52\x8b\x158N""M\xf3'",8934631.0,900000.0,19000000000.0,100.0,190.0,1573766237.0,171000000.0
"b""r\xfb\x07ZbID~\x8f\xa4\xb0\xdaZo\xb7\xbe\xdd\x8e'\x18\xe1\x9c\x86\xb4\x1d_$b\xe4\xcb\xc9\xb9""",8934629.0,21000.0,10000000000.0,100.0,100.0,1573766190.0,2100000.0
b's|L\xf5\x91\xe9\x82\x02*):\x0e\xf30\x1cE\xc8\x81\xb4\x05\xbf\x01\xf3\x85\xf6\x91a\x1bv\x1d\x8f2',8934634.0,21000.0,1000000000.0,36.0,10.0,1573766286.0,
"b's\xc3>IC\xc8\xe5\x82\x97\xcc\x9e,=""\x8fi\x95_|\x11\xcc\x11\xf5\xaa\x1a\x97@\x0c\xa6\xc3:\xe9'",8934630.0,60000.0,39215686275.0,100.0,390.0,1573766197.0,23400000.0
b'tT\x9c\xfb\xad\xd1\xf6\xd2\x8f\xdao=kB2\xb3~\xe7\xd0\xfd\xce[\x8f\x8d11\xbd;G\xd7\xf3o',8934630.0,328582.0,1000000000.0,36.0,10.0,1573766197.0,3285820.0
"b'ty\xec\xd3mC\xd4\xabpIX<^\xc4\xe5\r\xb7\xad\xa9\xd2\x90""a\xc4Y\xe9\x19a\xe1\xc6;\xa3'",8934631.0,345808.0,20250517504.0,100.0,200.0,1573766237.0,69161600.0
b't\x9d\xbd6\xbf\xeaS\xb7Ic/\x85F8\x8a\xa8\xdbn\xab\x16\x0bp\xea\xb7\xbd#\xdd\xc4\xc7\x02\xe4\x02',8934626.0,150000.0,22000000000.0,100.0,220.0,1573766161.0,33000000.0
b't\xc8\xad\xa6\xca\xc7\x94\xfdo\xe9\x95B\xd7\xe1\xf2\x83[5w\xa0\xf5\x0br\x84K\xe1\x02\x10\xb9p\x83\xdd',8934633.0,21000.0,4020000000.0,48.99999999999999,40.0,1573766280.0,840000.0
b't\xe6C+\xf0\x05\xfb\x89\xf3\x0b\xd9\xcc\xceJ\xa8Zk\x92\x03%\x1c\x08(\x0b\x1c\xbc\xec\xb9~\x8c\xce|',8934629.0,21000.0,10000000000.0,100.0,100.0,1573766190.0,2100000.0
b't\xeahX\xd4\x03\xd653\xbf\x1c\xfd\x12\xf5E\x91\xb8\x13\x12\x13\xf7\x87\xef\xd8S!\x88\x1c\xa0\x92\xb2Z',8934633.0,150000.0,15000000000.0,100.0,150.0,1573766280.0,22500000.0
b'u\x1e\xa4x\xbdx\n2\xb0\x04\xae\xe5\x9d\x8c\xf8B\x9f9\xd4e\xc0\xa7\xbfJ\x10\x9b\xbf\x15\x0b\xf8^\xb0',8934631.0,22000.0,20700000001.0,100.0,200.0,1573766237.0,4400000.0
b'ulB\x88\xc6\xfc\xbe{M~\xf2h\x9e\x89w\xf4Wz\xbcP\xc1+#g\xbc\x93\xc3\xa3\x08q\xab\xa7',8934629.0,5000000.0,2000000000.0,36.0,20.0,1573766190.0,100000000.0
b'vT\x9a\xc1\xa1\xce\xab\xcc\xfe\xb9\xfb5\x05\xa0\xf9A\x03?\x92\x83\xe6\xaaU\x87!\x02[\xe1c\x9e\x1f\x83',8934631.0,21000.0,10000000000.0,100.0,100.0,1573766237.0,2100000.0
"b'vv\x03> \xecpW\x8d_]\x1f\xeeXDY\x88gsB\xc8""\x0eJ\x15*\xa6\xcc\x07\x10\x1a\xbf'",8934633.0,400000.0,11000000000.0,100.0,110.0,1573766280.0,44000000.0
b'x\xb6%.l\xd02\xe34lRD\xa4\xf7m\xe2\xd4P\x15T\x0e\xf4\x91\xce\xb3O\xc09\xb2\xd0\x93\x99',8934630.0,90000.0,1000000000.0,36.0,10.0,1573766197.0,900000.0
b'y\xd9U\\\x99\xdf\xe8_\xdd]\xe0tX+\x9b\xb8\xbf#\x9a\xa6\x02\x9f\xfc\x9a\xc5\xeb\xac>%\xa4\xc5\xd1',8934633.0,1000000.0,1100000000.0,36.0,10.0,1573766280.0,10000000.0
"b'y\xdb!\x8d\xf4zl\to5A\x95(\x7f\xbd\x1d\x97\xcd\xa4\x19G\x9f\x11,czT#\xb3{T\xee'",8934629.0,35000.0,40000000000.0,100.0,400.0,1573766190.0,14000000.0
b'y\xfc\xe7\xffi\x84\xc5\x14E\x01X\xe6\xdd4\xbbhT\xf3\xd3\xb6\x8f%C[\xe5G\x04\x1e>\x10gI',8934629.0,21000.0,10000000000.0,100.0,100.0,1573766190.0,2100000.0
b'zE(C5W1Z\xa8p7\x06(\xb3\xb6\xc4pi\xae_\x10g#\xf7Q\xd6\xe0!\xf0\xb8\x13\xc7',8934631.0,60000.0,20000000000.0,100.0,200.0,1573766237.0,12000000.0
"b'{*\xa4\xc6A\x918\x98h\x02\x8f\x06\xfc\x14|\xba<\xa7\x96\x97\x93.\xbf\xbf_\xc7\xf9""\x93\xd67\x05'",8934629.0,21000.0,1000000000.0,36.0,10.0,1573766190.0,210000.0
"b'{9XvU\x02\x8e\x16\x0bV\xcb\x08R<\xc4\xe6\x8f\xb24\x925(p\xff\x07""U\xec\xfce~\xad'",8934634.0,44339.0,1000000000.0,36.0,10.0,1573766286.0,
b'{\xdd=\xeaK\\ZO\xbd\x1c\xbb@\xd2\x9c\xb8\x11\xcc\xa8\xee\xfaD\\3\x84c\t\x16\xba\x82\xa2\x14\xc5',8934633.0,1500000.0,1500000002.0,36.0,10.0,1573766280.0,15000000.0
"b""{\xef\xfcE\x8eP\xbcs\x9b\xcc\xb4\x86\x90\xf0;'\x18`\x1fO\xd4P\xee0\x96\x80\xbf\rY7\xbb\xbe""",8934630.0,300000.0,4000000000.0,48.99999999999999,40.0,1573766197.0,12000000.0
"b'|\x98\xa2\xcdl,v\x8a\x1d\xfd\x94\x9d\x82\xc1]\x96\x93eEw\xe1\xd5C\xdd\xd0|\x9f#\x991\xe9l'",8934630.0,80000.0,10000000000.0,100.0,100.0,1573766197.0,8000000.0
b'|\xbb\xbcY\xa1\xc5\x9d\xa0K\xb6\xa1\xc4{\x13\x7f\x9ei\x0e\xbe\x10\x88\xe3\xbf.\x1d\xb9\xe5d\\\xf33_',8934630.0,90000.0,1000000000.0,36.0,10.0,1573766197.0,900000.0
b'}\xc7\x0f\xd9\xc1\x01\xbe|\x0f/E\xd5\xcd\xb8\x9a\xc2\xe0Z\xb3\x9b\xaf\xa2\xda\x81\x06VR\x06\xecU\xa4\x82',8934630.0,65500.0,4000000000.0,48.99999999999999,40.0,1573766197.0,2620000.0
b'}\xfc\x1b|\xfb\x96\x03\x9f!q\xc6\xc4_D3\xc4|\xe6\x07{$\xb7\xb5\x85\x92aH<\xef`\xe4z',8934630.0,90000.0,1000000000.0,36.0,10.0,1573766197.0,900000.0
b'~\x1b \x8d\xdc.m:\xc1\x1e\xc2\x9c\xd4\x93J\xf1%k\xebe\xdf|9\xf2?\xea5\xa7\x0f:Y\x98',8934633.0,21000.0,1000000000.0,36.0,10.0,1573766280.0,210000.0
"b'~\xe3\x81\xa6H\xbd\xbf\x02\x90\xf4\xfaH\xe8\xfb\xb9;\xf4\x8e\xc0,[\x12\xa38d\x87\x06\x0bx\xfb\xa0W'",8934630.0,90000.0,1000000000.0,36.0,10.0,1573766197.0,900000.0
b'\x7f\x1dYq\x8e\x8b\x0f\xca\x0b\xb8\x84\x9f\x82h\xf7I\x18WSMy\xde\xb3\xc5\xf5a)\x12bV\xac\x85',8934633.0,27500.0,1250000000.0,36.0,10.0,1573766280.0,275000.0
b'\x81\x99\x0f$\xe0r\x98\rg\\\xd6\n\xfd\x14<\x9e\xf4\xbb\xcf\x8dS\xfa\x95\xc4\xc17\xb0`|\xde|\xb1',8934626.0,166666.0,50000000000.0,100.0,500.0,1573766161.0,83333000.0
b'\x82K\xbf\xe1\xb4(w\xb1\x142\xc0\xc8Z4\x06\xe6\x97\xbd\xd1.\xde\x05\xa7\x0c-\xb9\n& \xf3\xd9\x18',8934633.0,40000.0,2000000000.0,36.0,20.0,1573766280.0,800000.0
"b""\x82`\xc2PD\xf4\x91r\xb4\xc3w\x98\xae:\x01\xa1'\x8c\xde\x0c\xf3j\xc6\xa8\xf9\x1e%\x1e\xd64b\x13""",8934630.0,210000.0,9966341661.0,64.00000000000001,90.0,1573766197.0,18900000.0
b'\x82eA\xf3\xe2\xed\xd4V\xd0\xbe\x86\xb0\xdc\xcbFO\xe0i-\x89\x8d\xb8z\xad\xaa\t6 H\xda\x8f.',8934631.0,21000.0,50000000000.0,100.0,500.0,1573766237.0,10500000.0
b'\x82\x9d_\xc6\x12\xd0\x0c(mN\xceP\x17A\xd4\xc4{\xd9h\x0c\x80\xa1]q\xc3\x80\xb5\xcc\x9f\xc1\x0fr',8934629.0,65943.0,10000000000.0,100.0,100.0,1573766190.0,6594300.0
b'\x83\x00\xca|\xce\x0b4\x95`\xea\xc3\xe19\x7f\xbd\xc8\x82\x96\xe1Ef\x11\xcb\xc2\xf9-\xe7\x14~\x1f\xbf\x9f',8934629.0,400000.0,2000000000.0,36.0,20.0,1573766190.0,8000000.0
b'\x83[\x80a\x14\n\xc0\x9b_\xce\xe7\xc6C\x906\xf9\xf0Y\xa0\xe2\xda\x8a\xd0\x94R7\xfb\xcfG\xc9\xb7\xd4',8934630.0,21000.0,3000000000.0,36.0,30.0,1573766197.0,630000.0
b'\x84F\xab\\\xa4:H\x1e\xc5\xc1\xb0\x1fQ\xfep$\x0b\x0e\x1d\xc4\xe3npS\x82\x0e\x9a\x91\x8eTS\xfb',8934630.0,550000.0,1000000020.0,36.0,10.0,1573766197.0,5500000.0
b'\x84Gn\xf0f\xf8\xe9bU\x0f\xb3\xdd5L>\xcb\xdd6\x82\xcbE\x82\x14!\xe6\xe0\x06\xa3\xb8\xd5@\xcf',8934629.0,100000.0,10000000000.0,100.0,100.0,1573766190.0,10000000.0
"b'\x84\xec\xf0\x1c5\xfa\xe5w\x9d,\xdf.\x99\xe9\xc3It\xa7\xb6\x82\xf1NIo\xf8\x03\x1c\x8b\x1e:,u'",8934631.0,458321.0,5500000000.0,48.99999999999999,50.0,1573766237.0,22916050.0
b'\x85\x99\xd7\x04\x14\x90\xbc\xee\xd7\x06kB\xd4$\x9e\xbc\xd1\x1cc\xbe\x9do\x89[\xd8#M\xbb\x82!\xbc\xca',8934633.0,150000.0,2000000000.0,36.0,20.0,1573766280.0,3000000.0
b'\x86d\x0b\xf7\xddy\xb5?U\xed\xfdF\x8e\xf35\x070\xd5\xf8\xdbe\xea\x8f\xfc\x93\xd8y\xf1\x97\x13\x87_',8934630.0,90000.0,1000000000.0,36.0,10.0,1573766197.0,900000.0
b'\x86h\x89A\xc0^\xbc\x9d\x81\xfa\xfe\x1e\xdd\xb3\x90V}Z\x1a~\xaf\x9d\x10\xad\xf5\xa7\x99\xc8\x07B\xddI',8934633.0,410841.0,1000000000.0,36.0,10.0,1573766280.0,4108410.0
"b""\x87\x97\x15\xde\xe0\x96\xcej\r'9\x1c\xdd\xdc\xbd\xa1;\x17\xcd\xcd\xbb\x03\xc8\x13\xd4e\x19\x06\x8e\xcb\xd1\xed""",8934629.0,100000.0,2250000000.0,36.0,20.0,1573766190.0,2000000.0
b'\x88+\xdf\n\xc0X\xb3\x01\x84|]\xcb:\x9c\xf8Ca\x87W\x97k\x97\xd5j@rF\xf2\x98\xad\xbeD',8934630.0,152013.0,1000000000.0,36.0,10.0,1573766197.0,1520130.0
b'\x88\xc9\xa4\xbdyc^I\xc7\xce\x08\xee\xba\xc5;a\x9fr\xb4-\xb2W\xe3d\xb5s\x82\x0c\xd3{\xb0\xca',8934629.0,60000.0,25000000000.0,100.0,250.0,1573766190.0,15000000.0
b'\x8a\xca\x93\x19\xc1*K\x04h4L\x8e\xf1\xda$\xfa\t]-\xd60\xb1\x8c-\xe3\x1b\xd0\x83\xfe\xf4\x13\x88',8934630.0,57123.0,1000000000.0,36.0,10.0,1573766197.0,571230.0
"b""\x8b\t\xc3\xcc\xc1\xc6\x03zo\xf2\x7f\xfb\xc7\x10\xf32\x1cw'\xef\x98\x89\x9dE\x0fR\xcc%m\x05S\x1c""",8934634.0,38796.0,1200000000.0,36.0,10.0,1573766286.0,
b'\x8by\x95\xf9\\\x88L2\x9c;\xc0+\xd9\xe3N\x8dC`Y\xac\xa9\x95\xb1^K\xe1\x9a\x1bI\xa2\xfb*',8934629.0,210000.0,1000000000.0,36.0,10.0,1573766190.0,2100000.0
b'\x8d!\r\xdb\xba\xc5\xd2\n\x96\xb8}|tQi\x0c|\xa8\x08\xc4\xa9#\x08\xe1_\xef\xcaz\xa7_\xea\x18',8934631.0,207128.0,40000000000.0,100.0,400.0,1573766237.0,82851200.0
b'\x8dB\x88\xa0n2\xb0\xd9\xb3oX\xf8\xd9\x02\xb0\xafc\x846lip\xb8\xa4\xc2\xd0)pxy\x84\xba',8934631.0,207128.0,40000000000.0,100.0,400.0,1573766237.0,82851200.0
b'\x8dZ\xff\x8b*\xb1\x19\\\xc5\x81\x98*\xc3[\xefWM\xb4\xa1\xf7\xf0\xdd\x06\xbaJ\x8e\xb7x\xa8\x00U\x99',8934634.0,47111.0,1000000000.0,36.0,10.0,1573766286.0,
b'\x8dk\xba\xdc]\xae\x8b\xa1\xa6m\x18\xdb\xf1w\x1f\xd3_\xab\xc6\xca\x15i#\x98PF\x9e\x00B\xc2\xc7\xe4',8934629.0,65000.0,12000000000.0,100.0,120.0,1573766190.0,7800000.0
"b'\x8d\xa1\xf13""\xe2k\x9c\x80\xb4Z\xfdF""A\xf7\x107\xf1\xab\xe5\xa9\xb3\x82\xf3\x80\x04\xe3\xdb%\xc6\xee'",8934633.0,54466.0,30000000000.0,100.0,300.0,1573766280.0,16339800.0
b'\x8d\xd5:\xc7\tE\x7f\x85gj\x9e^9\xa3\x97\xfa\xe9C\xce\x7f\x91\x00\x02~\xe9\x0f$\xb5\xd2\xb4\x06\xcd',8934634.0,90000.0,1000000000.0,36.0,10.0,1573766286.0,
b'\x8e6\xac^\x92Tto>\x89=\xc6\xa9i\xb0J\x88R\xa0\xd9\xc4\x02\xee\xc5u\xbd\xe8\xc6/\xe5\xa6\xd8',8934630.0,90000.0,1000000000.0,36.0,10.0,1573766197.0,900000.0
b'\x8e\xd0\xde\xea\xcad\x14\r\x92\x82\xd9\xacT\xf5\x9d\xb7hv\xc5[\xc8\xe7_\x08O\xe7\xc8\xbdcF\xadl',8934634.0,38796.0,1000000000.0,36.0,10.0,1573766286.0,
b'\x8e\xdc\x82\xb7\x07\x19oe\x82m\x8a\xd6{ \xdfDb\x9c\xd0\xa5\xa8[K\xab\xd22^\x04\x80\xaa\xbb\xcd',8934631.0,65000.0,12000000000.0,100.0,120.0,1573766237.0,7800000.0
"b'\x8fF\x15^\xe4W ?L""\xb5bp\xb0L\xd9w\xf2\xcf\xdb\x08\x85\x9f\xe0\x1e\xf7\x8eP\x97(>\xdd'",8934629.0,200000.0,10000000000.0,100.0,100.0,1573766190.0,20000000.0
b'\x8f\xc1\xd1\x83\xc89G\x08\xb4P\x07\t\x0e\xf0\x114\xb0Q\xe88Q\xe3\x018}\xe9\xb35\xd0\x0b\xbe\xc6',8934631.0,60000.0,20000000000.0,100.0,200.0,1573766237.0,12000000.0
b'\x8f\xd4\xdatA\xf1Q\xb8\xc6\xdd`a\xbb\xcb!\x1d6\x83\xd9\tC\x04g\x92\xc4\xbb\xba\x1f\xc0\\K\x03',8934630.0,1418206.0,11000000013.0,100.0,110.0,1573766197.0,156002660.0
b'\x90K\x81\xc8\xec\x10\x19i.\x1f&\x93~*GM1\xbee\x18\xaa\xf9\xb7q\xce\xf2\xac\xe7\xb1\xcet\xb7',8934631.0,100000.0,30000000000.0,100.0,300.0,1573766237.0,30000000.0
b'\x91o\xa1\x92\xe9`{\x91\x00\xf4@;u\xbb\x8cm\xd7\xc7\xfb\xa3\x18\xc5\x07PV$T\xad\x18\x0e\x8c\x83',8934629.0,100000.0,2250000000.0,36.0,20.0,1573766190.0,2000000.0
"b""\x91\xfcf\x1f\xb5Q\xd9=J/\xcdp\x10\x86\xb2G\xdeD\xa0I+\xe6+Z'\x1b\x9e\x19\xc5\xa1?W""",8934633.0,150000.0,13000000000.0,100.0,130.0,1573766280.0,19500000.0
b'\x92\xd2\xdbOkA\x17\xd3\xdf\xf8pguM\xc8\xf5\xab\xe4|\xe4]\x9e\xe1\xe7\x881<\\\xe20=\xb6',8934626.0,150000.0,22000000000.0,100.0,220.0,1573766161.0,33000000.0
b'\x94\xb9\xc5(Y\xddi\xab\xa3\xb8\xd3]\x8a\xec\xed\x0f;x\xbe\x02_\x91YD%\x04K\xd8%+\\\x91',8934631.0,2000000.0,40000000000.0,100.0,400.0,1573766237.0,800000000.0
b'\x95\x83\x83^\x9c\xa0(\x15]G\xf3\xb3z\xe4\x83k\x1b\x01\xecJ \x8e\xaeGp\xd9?P\x11\xb1(\x0c',8934634.0,90000.0,1000000000.0,36.0,10.0,1573766286.0,
b'\x97ri\x83`<\xfb\xeet\xf0F\x88c-\xfa\x81\\\xd4f\x8aJc\xac\xb5Q\x1f\xd0\x18 \x00\xdc\xb9',8934633.0,21000.0,1200000000.0,36.0,10.0,1573766280.0,210000.0
b'\x97\x80[\xb0\x90\xce\xfbG>\x0b\xe1\x11w\x99\x16\xdd\xeeFk\xf7\xb2\xc7\xe7C\xe2\xa3\x1ch\xa2\x90\x1a$',8934630.0,100000.0,15000000000.0,100.0,150.0,1573766197.0,15000000.0
b'\x98S\xff\xc5o;\xe7\xfc\xc1\xc1K0\xfd\xcf\xc9\x85\x83\xbe?Wsg\xf2\xfd|\x1f\x8b\xa7\x1f\x97\x04\xf0',8934633.0,21000.0,10000000000.0,100.0,100.0,1573766280.0,2100000.0
b'\x98\x86\xf9\xe8W\xa5Y\xf8w\x16\xc1\xfd(\xabU\xd31c\xeb\xec\xbd\x96\xa9i\x02qA\xc4=\xedJ4',8934630.0,21000.0,10000000000.0,100.0,100.0,1573766197.0,2100000.0
b'\x98\xe2\xdb>E\x85\xcbN\x82>\x84N\x15\xe6\x19|\xefbS\xf5\x9b\xad\xfck\xcd\x8f\x80\xf4f2\xff\xa5',8934630.0,40000.0,2000000000.0,36.0,20.0,1573766197.0,800000.0
b'\x99\x12H\xfa\xef\xeaKp\x0b\xe4\xb2)\x11\xf9\xef\xd7\xc5\xc6>\xfb\xb6Rm-[\x81\xad\xe8\xd8\x80px',8934630.0,144494.0,5000000000.0,48.99999999999999,50.0,1573766197.0,7224700.0
"b'\x99\xf5""t\x99P\x1d\xe3\x0eq\xfa\xcc\xcdx\xc16\x1d\x94h\xdb\\\xbce\xd9\xb6q@\xfe\x87\xc7\xe6|'",8934626.0,21000.0,10000000000.0,100.0,100.0,1573766161.0,2100000.0
b'\x9a/\x8e\xba\x91\x14\xfc \xef\xbe\xfb\xdb\xa0F\x8a6\x1e4\x0c\x024\xb9\x9a\xef\xc0\xe4\x01\xd7\xef!\xd8\xf6',8934629.0,550000.0,1000000020.0,36.0,10.0,1573766190.0,5500000.0
b'\x9b\x1e\xcd\xd5)!\xe6d)\xf3o\xb7\xdfk\xec\xf5^\xee\x84z\t\xc1\x9b0\xb1SO\xbf\xdcQ\xf1p',8934634.0,44339.0,1000000000.0,36.0,10.0,1573766286.0,
"b'\x9bG\x84\x9eE\x16\xa8\xd4r\xd7W\xdf\xec\x91\x9c\x06%\xe5\x8a\x1b\xc4\xb3\xe8""\xb5[V\xdd\xeeCJ3'",8934631.0,21000.0,15445696174.0,100.0,150.0,1573766237.0,3150000.0
b'\x9cb\xfb\t:\xe9Ex\xc1\xb9#\xfe\x13w\xa4=s\xec\xa9\x04G\xc8\xa2V\x84G\xba(\x0b\xc92$',8934634.0,60000.0,9000000000.0,64.00000000000001,90.0,1573766286.0,
b'\x9c\xe8\xda\xdf\xb8\xbd~\xf1CO_\xe8\xed[\xd8\xc7\x13^\r\xe7\n\xc4I2\x12\xf7\xd0\xd3\xaf\x1ec\x95',8934630.0,90000.0,1000000000.0,36.0,10.0,1573766197.0,900000.0
b'\x9ds\xf7@\xe3\x1d/\xd4\xf6\x05\xc7\x00\x93\xc8\xc5\x96\xb3\xdb\x10\xde\xfd\xfc\x8a\x92AM\xffn\xae\xbc\xa6\xa8',8934630.0,90000.0,26000000000.0,100.0,260.0,1573766197.0,23400000.0
b'\x9fO@\x10~3\xd5R\xe8\x99p\xaf\x1d\x84\xb9\x11\xd3\x18\xabG\xac\xe0%U\xd2\xf1\x98\x83\xf5\x9e\xd7\xa2',8934630.0,21000.0,20000000000.0,100.0,200.0,1573766197.0,4200000.0
b'\xa0\xf19\xe9\x14\x18\x1a\xf0\x94ts\x15\xaf9\xc0L\x19\xb9`\x0f\xdcq\x1f\x94\xca\x08Mh\xbf|\x05\xc2',8934630.0,100000.0,5000000000.0,48.99999999999999,50.0,1573766197.0,5000000.0
b'\xa1\x98\xfb|\xe8\xb6\x9e\x01/(\x13\xba\xaa~\xe2s\xfc\xa4`K\xde\x9f\x8a>IUq\xa3\n\xad\\N',8934626.0,94372.0,8000000000.0,64.00000000000001,80.0,1573766161.0,7549760.0
b'\xa1\xd6\xc9\x16Kb\x83\x92g\x9b\xa7\xc1\xbb7\x83(-\xb8\xac$\xc5\xaa\xfdA]%3\xa1l\xfe\xa78',8934629.0,100000.0,11000000000.0,100.0,110.0,1573766190.0,11000000.0
b'\xa2$\x98\x9c\xca?7\xe00\xfe\x10D h\xdb\x08ZR\xc2g\x9e\x99\xf4\xd0\xa1&\x06\x9b\xc7=l\xb5',8934633.0,44554.0,1000000000.0,36.0,10.0,1573766280.0,445540.0
b'\xa2\x96\xdcX\x1be\xa8G\x02\xd2\x8a\xfa\xd4\x83Y=W\xfc\xe78\xbf\x8a\xf3S\x08\xbe\xbe\xba\xd1\xbb\xa2\xb8',8934633.0,200000.0,1000100000.0,36.0,10.0,1573766280.0,2000000.0
"b'\xa3.\x04\xe3Qt0\xa2\xab\xa5\x02W\xd6\xb6\xa3\xd7l{w\x1b\xaa\x9d\xee6\xd9\xba,`\xefV\x1a\xeb'",8934626.0,100000.0,10000000000.0,100.0,100.0,1573766161.0,10000000.0
b'\xa3\xc2]0\xf0\x9b\rD(\xb4K\xbe/\xc4\x0b\xffA\xbd&>tW\xb3\x97E\xf9n\xf7\xde\x9d\xba\\',8934626.0,21000.0,10000000000.0,100.0,100.0,1573766161.0,2100000.0
"b'\xa4s""\x84 \'\x10I\xf6$\x0f\xb31\xdf\x88{\x87k\xa3(:R\x12r\x0f\x1b@#\xb9p\xcd\xbe'",8934629.0,90000.0,40000000000.0,100.0,400.0,1573766190.0,36000000.0
"b""\xa5\xb6\x16a\xf8:m\xa9\xfd\xbcv'\xb5\xbb(\xd9\xfb\xa7\xcb\xc2'\xb5\r\x01\n\x0e\x85\xe3Z\x05\xa8\xba""",8934626.0,21000.0,10000000000.0,100.0,100.0,1573766161.0,2100000.0
"b""\xa6\xd3C\x8b\xb4\x86e\xf3'\xe2h\xce\xdc\xbf\x16\xf0\xf0c\xb9Yy-`:f\xda\x1e\x1e\x87OkO""",8934631.0,90000.0,26000000000.0,100.0,260.0,1573766237.0,23400000.0
b'\xa6\xe2\x96%A\rb\xf4\xc5\xe9\x9b\x88\x9e\x7f\xcdH\xca\xea\x05J\x19\xb3\x9c\xb8V[0\xde\xc0\x98B\x12',8934633.0,21000.0,30000000000.0,100.0,300.0,1573766280.0,6300000.0
"b""\xa7'!\xe1\xcbo\x9b\x16\x1f49V\xdf\xf9\xabhe\xbb\xcb#\x1aO\x96\x11uG&\x15\xbe\xd4P0""",8934631.0,63000.0,15000000000.0,100.0,150.0,1573766237.0,9450000.0
"b'\xa8\x91<\x0b\rT\x1e~\x93\x90\x90\xc0\xfa\x01\xa7""x\xae(\x8c\xc5o(}i~U\xfb\xa4\x1c\x9dD'",8934626.0,150000.0,22000000000.0,100.0,220.0,1573766161.0,33000000.0
b'\xa8\xb6\x9cTyt|F\x19\xda\xe7D&I8p\xe8P\x0f{\x87\xe3\xee:\x05C\xd6\xef\xc6\xee.\x85',8934631.0,60000.0,20000000000.0,100.0,200.0,1573766237.0,12000000.0
b'\xaaU|\xb3\xd2J\xf4K^\xe9 4+\xcc\x95\xc66\xf8\xb1\xf0\xbcK\xa9\x05/\x1e\x7fm\xaa\xf3\xde\x08',8934631.0,21000.0,10000000000.0,100.0,100.0,1573766237.0,2100000.0
b'\xaaV#\xf8G\x9f$\xb2\x11\xdf\xf4\x8f\x00\xca\xb67114\x10\t\xa4q\x9e\xde\x0c4k_\x1b\xcc\x07',8934631.0,207128.0,40000000000.0,100.0,400.0,1573766237.0,82851200.0
"b'\xaa\xb0\x0e\xdd\x8e\xcc\xa0\xa0x\xfd\xe0,\x95RJ\xb3\xdf9\x9b\x96\xf4R~\xab""\xa3q\x8b\xed\xfa\xa1\x06'",8934634.0,64927.0,1000000000.0,36.0,10.0,1573766286.0,
"b'\xab$\x81\xd1\x84x\xd6U@\x8a}\xdd\x7f\xa6\xa3\xc5B\xbbF\xc9\x8a\x07\x80K""\xb4BsD""4\xa2'",8934629.0,100000.0,2250000000.0,36.0,20.0,1573766190.0,2000000.0
b'\xab+\x99s\x9d\xc8\x84\x91<97\xc9\x8bd\xaf\x0b4\xde\xb5r\x8a\xb4\xfb\xde\xfe/\xff\xecx\x96\xa4t',8934631.0,65000.0,31000000000.0,100.0,310.0,1573766237.0,20150000.0
b'\xac\x17\xe0~J\x8a\xaa\x1f\xab\xdb\xf8\xd6\xfc\x92d~\xd5\xce1\xe8^\x08\xc1=\xc8u\xfb8\xfa\xda\x16\x1d',8934633.0,542131.0,20000000000.0,100.0,200.0,1573766280.0,108426200.0
b'\xac\x1e\xa5\n\x00\xe5\x81\x9f\xad\x10M2\xa9%x\x83\x85aK\x1f+\xb7i\xc8(~\xa4\xac\xf2{\xcb1',8934632.0,100000.0,10000000000.0,100.0,100.0,1573766258.0,10000000.0
b'\xac5Kk\xb8\x98\xc3\xa3\xbf\x19#\x1f\xfe\xa8~\xb7\xfc\x8dZ6\x7f\t\x7f~?s\x8a\xd9\x9e/m\xaa',8934631.0,21000.0,50000000000.0,100.0,500.0,1573766237.0,10500000.0
b'\xadE\x94\\p4\xaench\xafW\nkT40\xe9\xc6\xcbo\xe1l\\\xear\x05=!<U\x97',8934626.0,100000.0,12000000000.0,100.0,120.0,1573766161.0,12000000.0
b'\xad\xb0\x8fj\xae\x1f\x84\xfa^\x18\x0b_\xe8\xb0\tL>\x83c\xd6E:\xe7\xcdS\xb5]\x94\xdbj\x8b\xba',8934629.0,42000.0,20000000000.0,100.0,200.0,1573766190.0,8400000.0
b'\xae\x02\xadH\x9e\xae\xe3\t\xa6y\xee\xef8\x1f\x12\x91\xbb\x18\xc1\x1e\xcc\x05dPR\x05E+E\xf3uI',8934626.0,145964.0,20000000000.0,100.0,200.0,1573766161.0,29192800.0
"b""\xae\x0b\xb9\xbb\x8ao\xd2\xe2\xc1\x83\xd5'\xa7\x85\xdd\xf3\xbb\xd9|\xfc\xcd\x9e\x0f\xa1c\xf6\xd7A\x84\xbfe\x07""",8934629.0,54466.0,30000000000.0,100.0,300.0,1573766190.0,16339800.0
b'\xae\x14\x1d?\x1e\x123:\xb3\x12X\xcfs\xa2`\x98\xef\x92x\xb0\x85\x83\x10\xd1\xc9+JOF\xc76i',8934633.0,100000.0,2250000000.0,36.0,20.0,1573766280.0,2000000.0
"b'\xaeA\x03\t\x97\xbbx\xda\x8e\xfedz3\t\x97RiI\xd8\xcbhf\xea\x03\xdbx\xd5Nu""\x91\xfe'",8934633.0,340000.0,1000000000.0,36.0,10.0,1573766280.0,3400000.0
b'\xb0\x03\x0e\xf6\xf4\x18g\xe8\xe0\x85\xd8LA\xefI\xf7sE\xe8\x1d9\xd1\x97\\\x7f\xc4<\xcd/M84',8934630.0,41000.0,2000000000.0,36.0,20.0,1573766197.0,820000.0
"b'\xb0,\xb7\x06[j\x98\x032\xde`\x00K\xceJCY\x93\xcb\xfa?\xd732\xe6B7\tuIAQ'",8934630.0,21000.0,15770658037.0,100.0,150.0,1573766197.0,3150000.0
b'\xb0D\xd9zv\x130c\x8b\xee\x7f\xbcT\x06C])\xe2\x8a\x8a\xb9\x84?t#s\xf6\xb0I\x8c]\x16',8934626.0,90000.0,40000000000.0,100.0,400.0,1573766161.0,36000000.0
b'\xb1V\xe3\xc3\xb2\xd8~pb\x11\xaf\x12jSb)\xdf\x16f\x8e$\x1d\xdae\xe3\xf9\xe9\x0e\x86\xf5\x87\xe1',8934629.0,21000.0,1000000000.0,36.0,10.0,1573766190.0,210000.0
b'\xb1\x88\xb4\xe9\xbdB\x87Xc\x87\x83\x9c\x18x\xf6\xa6\x1e*\xd3\xcb\xa9\xc2\xb4D\x1c\x01\xba\xb6\x1e7\xfa\xa8',8934633.0,800000.0,1500000000.0,36.0,10.0,1573766280.0,8000000.0
b'\xb1\xaf\xef\xa9\xda\xa7\xf3\xf0\x85z\r(t\xd8\xe8\x15![\x07\xb6E\x08:\x08\xf7\xe38\xa6j^\xe6\x07',8934626.0,21000.0,10000000000.0,100.0,100.0,1573766161.0,2100000.0
b'\xb1\xdd\xda\xc9\xca\x0c\x1a\x17E\x00\xe6\x01\xd7e\xc5v\xff\xc5weF\xe5\x92\xb9AJ\nM\xc5!\x1cK',8934631.0,65500.0,4000000000.0,48.99999999999999,40.0,1573766237.0,2620000.0
"b""\xb2,\x1eF\xd8\xc9\xae\xa7|\xd5'\x0bp\xcah\\LR?\x1an\x92<\xa6\x1d\x93?Q\x08F\xad\xcd""",8934633.0,21000.0,30000000000.0,100.0,300.0,1573766280.0,6300000.0
b'\xb3V\x12\xedX}\xe2\x87\x8ey\x89\x98\xab\x99XJ<\xfc\x01\xc0\xcf\xd8\x17\x85\x9b\r\xa2$8O\xc7\xe2',8934634.0,22543.0,1000000000.0,36.0,10.0,1573766286.0,
b'\xb3\x8e!\xae\xa4\x8d\x16\xdf\xf2cf\xc0=L\xd69\xeb\x0c\x0cJj\xda\xc3\x88\x94\x7fr\xd0\x04ZY\xd6',8934629.0,90000.0,40000000000.0,100.0,400.0,1573766190.0,36000000.0
"b'\xb3\xb2\x06\xe3W\x8c\xee\xd4\xd0\x04\x049\xddq\xd9\xffG-Jnhwa,\xbaG\x84sO|\xbf\xd8'",8934630.0,63000.0,20000000000.0,100.0,200.0,1573766197.0,12600000.0
"b'\xb4v\x92p\x92\\\xfd\xef\xf4r9\x1c\no\x02\xd7cj\xa2n,R|\xf7g\xaa8\x99\x93 \xbbG'",8934629.0,40953.0,1000000000.0,36.0,10.0,1573766190.0,409530.0
b'\xb6\xe3Y\xb3\x94\xd1\x1cp\xe8hE\x8f\xd4\x90\xc3\x8a\xb4\x9f\x0fS\xca\xa4-\x82g\x83\xd5\x03\xab\xb0\x8a\x9a',8934634.0,38796.0,1000000000.0,36.0,10.0,1573766286.0,
"b'\xb7\x82""\x11\xfe\x18\xf6\x86\x8a\xe2\x8a\xe4=2\xden\xbaC\xb9X\x1f\x89\xb1\xd8D:(\xf9\xf4\x94H\x03'",8934630.0,100000.0,5000000000.0,48.99999999999999,50.0,1573766197.0,5000000.0
"b'\xb8\x0f\xc0\xd5M\xf5\xe3""s\xb5\xa5t\x05\x8a6\n\xe7\x8a;X\xfe\x8f\xe5\x95}$\xa3\x1e\x18\xb0\xe8t'",8934630.0,21000.0,30811478032.0,100.0,300.0,1573766197.0,6300000.0
b'\xb8<\xadbLP\t\xba\xd3\x01\xc8\x8e\x7f\xbf\x89\xb3\xe5\x84\xc7\x88\xefRJ\x99G\x10\xe7\xbeI\xfe\xb6\x88',8934630.0,21000.0,1000000000.0,36.0,10.0,1573766197.0,210000.0
b'\xb8\xcc\xd4\x1eQ\x15\xe3\xd1\x91<\x03 \xf7I\x05\x04\x99\xfc\xaa\xf0I1\xca\xde\xd1\xf2\xd5\xd8\xe4\x05\xa2\x17',8934626.0,150000.0,13000000000.0,100.0,130.0,1573766161.0,19500000.0
b'\xb8\xe7g1\x17\x0ejZ\x0c\x90\x1d\xe1\x148\xb3\x1e\xe9Y\xd2%\x07\xf8:Zf\xd3P\xff\xf8\xb5=\xcc',8934630.0,200000.0,10000000000.0,100.0,100.0,1573766197.0,20000000.0
b'\xb9\x82\xf7\xedy\xd1\xef\xf6)E\x0f\xbc\xbdE\xac\xad\xc8;@7\xf8\xcf\xac\x04\xf3\x9ct\x02S\xbc\xe8\x17',8934630.0,56139.0,1000000000.0,36.0,10.0,1573766197.0,561390.0
b'\xba \\\xe2\xc0)\xb34\xe9\xb9#P#Z#I\x88\n\x91\xf6%\xff\xec\xfeN1\xc7$\x15\xd5\xb9e',8934630.0,100000.0,2250000000.0,36.0,20.0,1573766197.0,2000000.0
b'\xbc\xcb\x16I\x1a$@J\xfe\xda$aO90^\xb8_\xf2\x19j\xa9\xe5\xaf\xa6\xcd\xdc\x9e\xf8\xbb\x1a\xc8',8934630.0,42000.0,20000000000.0,100.0,200.0,1573766197.0,8400000.0
b'\xbd|\x0c5\xd8u\x16\xfc\x9c\xe4\xaa\xab\x03-4%\xe3\x86\xa7\xda\x93\xf7\x8e_\x9cG^\xd8*?\xe2\x00',8934631.0,2000000.0,40000000000.0,100.0,400.0,1573766237.0,800000000.0
b'\xbd\xa6\xadz\xf2x\x95N\xea$T\xdf\xde\xf3\xafF\x9c\xc9M\x86\xee\x10\x84\xc4U5h\x1d\x87x\xd0\x9e',8934629.0,70190.0,15000000000.0,100.0,150.0,1573766190.0,10528500.0
b'\xbe\x83\xe7\xf9t\xd4%\x859\x12p}HT\x96\xa8[\xbf\x04\xb7l\xc1\x82\x00\xe8^\x18\xd2\xb1#o\x89',8934630.0,100000.0,71000000000.0,100.0,710.0,1573766197.0,71000000.0
"b'\xbf/\xbe<\xed;/\x01\xf7\x04H!jCU<\x88\xd7\xfd \xf3\x8c\x93\xe4\xaf0""~\xf0\xc1\xd8u'",8934633.0,90000.0,10000000000.0,100.0,100.0,1573766280.0,9000000.0
b'\xbfo\xda\x8d\xf0\xb7\xb0\xec\xc9\x8bV\x9a\x1e\xfan5\xafoC\xe3\xd1\xd1/\x06\x8bI\xb6\xd0P.\xa9\xec',8934629.0,21000.0,1000000000.0,36.0,10.0,1573766190.0,210000.0
b'\xbf\xc7\xec\x83\x1f\x9d6\x8e\x92q\xbd\x1a&\x93TU\xc3\x9e;\x01\x03\x1ameum\x13\xac\x13m\xde\x85',8934630.0,400000.0,20000000000.0,100.0,200.0,1573766197.0,80000000.0
b'\xc0\x0f\xdc_\xac#\xd4\x1cK\x08\x85b\xa1\xb5\xf8\x1e\x13\xa7Fn\x1c\xd8U\x15\x9e\xc8\xbd`\xaf\xdd\xb8\x8c',8934630.0,138000.0,20000000000.0,100.0,200.0,1573766197.0,27600000.0
"b""\xc0)/\xdd\xa4*\x96\x1e\xa8\xf3\xd6\x1f\x91\xa1\x0e\x9eY\xc4\xb7\xa3\xd9dT0\x93\x11'\x08\x90\xa9\xc1g""",8934631.0,400000.0,11000000000.0,100.0,110.0,1573766237.0,44000000.0
b'\xc0I\x8d!\xcb7\x92 \xbam\xd7 \x1c\xa7\xba^4\xd9\n*\x80N_?\xcb\x81\xe3A;\x0b\xa1\x17',8934630.0,249303.0,2150000000.0,36.0,20.0,1573766197.0,4986060.0
"b'\xc0\xfd8\xa8\xd5\xdb\xb3\xe1V;\x92g{\xf6\xbf66\xab\xb9\x90\xde\xa5a\x9d""fZ7D\x8eR\xd7'",8934629.0,400000.0,2000000000.0,36.0,20.0,1573766190.0,8000000.0
b'\xc1<5\xd36\r\ty\xac\x9bS\x9f\x073\xf6\x91N\xf1\xba\x089\r\xf0\x13\xfc\xe0G\x1e8$\x0eW',8934634.0,5000000.0,2000000000.0,36.0,20.0,1573766286.0,
b'\xc1\xff\\y\x0c\x01\xbe\x0f\x8e\xcc\xbe\xc9\xc2\x1c\xc1\xdb\xa1.\x95\x84\xa8\x1d\xc9U\x8eL\x1f~\xc3\xe2\x84\xa5',8934631.0,100000.0,10000000000.0,100.0,100.0,1573766237.0,10000000.0
b'\xc2w\x8b\x99\x1b\xc0Yf\xd5\xf5\x92I\x10d\xb5\xec\xd8\xac4\xd5{\x03\xff$9b\x99h\xe8\xecL\xf6',8934633.0,21000.0,1200000000.0,36.0,10.0,1573766280.0,210000.0
b'\xc3\xe6[\xdcS\xb7\xb1\xb0\xbb\x17\x7f\x14\xf28uMA)\xfb^\xfe\n\xe5.\x13\x10\xda\x8d\x82E\xe8d',8934627.0,90000.0,40000000000.0,100.0,400.0,1573766175.0,36000000.0
"b'\xc4\x8d\xf5\x88,\xa2\n\tD\xed\xc9w\x1b\xf2\xfc(\x06US\xbe\xa3\xba\xda\x88\xdc\x10\x18\xe6/\xb83\xe9'",8934629.0,55000.0,61000000000.0,100.0,610.0,1573766190.0,33550000.0
b'\xc5\x14\xdd\xa8d\xa9\x03e\xe4\xe6yVZOO\xf5\xfa\xb6\xb3\xd4\xf6dJSRL\x0b\x83\xb4\xa1\xc9\x14',8934631.0,36549.0,5000000000.0,48.99999999999999,50.0,1573766237.0,1827450.0
b'\xc5\xa0\xa6~8W\xae> W\xf7\x98Z\x05\xd3\xb9+\xc8us?\xe1\xe0{n\xc2\xc7\xbe\xa15\x133',8934634.0,5000000.0,2000000000.0,36.0,20.0,1573766286.0,
b'\xc5\xc6\xd3\x94\n?\x0e\xec\xa1\n\xaf\x11\x995\xb5\x12\xe2\xf5{d\xf6\xe3\xccA\n?\x04\xb4\x01\x83\x05?',8934629.0,145251.0,7500000000.0,48.99999999999999,70.0,1573766190.0,10167570.0
b'\xc6\t\xbbh\x93\xe1/\x1cl\x07\x8b\xe1!K\x05\xc7\xaf)m\xe6\x03E\xf18%\x13\xd9\x92 \xaf\xef\xdc',8934633.0,200000.0,10000000000.0,100.0,100.0,1573766280.0,20000000.0
b'\xc6*\xa5EQ\xd9\xb4\xe2\xf2\xca8\xaa\x82\x06D\xa3\x9e\x97\xd6\xba\x96~\x0e\x8f\x95\xca\xea\xe0C8\xf2`',8934630.0,21000.0,15000000000.0,100.0,150.0,1573766197.0,3150000.0
b'\xc6\x86i\xe6$_\x7f\xf2\x9cn\xc6\x15\x86lB\xa3\\\xafb\xb2\x86\x80\x8a^\xde\xb0\x87\xf8#\x17\x00\xb4',8934630.0,400000.0,11000000000.0,100.0,110.0,1573766197.0,44000000.0
b'\xc7\x10\xf1\xa7:5\x1d9A\xbfv\xb0_\xe8\x7fI\x83\x7f\x91\x13$\xe1\x9b\xf7c\xce\xae/\xaa\xd2G\xb6',8934633.0,100000.0,10000000000.0,100.0,100.0,1573766280.0,10000000.0
"b'\xc7\xa9h\x8f8\xfb\x18\x02\xd1\xff{\xfb\\|\x8d\x94U%>\xf8q#a\xf0\xc6""azvI\xd4\xa7'",8934634.0,40357.0,1000000000.0,36.0,10.0,1573766286.0,
b'\xc8`\xde\x95\xc5\x93\x82\x7f>\x17\xc6\xacL\xde\xc3\x1b\xf9>\xd2\x0bIJ\xe1\xc9\xe1Zr\x9c\xb2uD\xd5',8934631.0,55000.0,15000000000.0,100.0,150.0,1573766237.0,8250000.0
b'\xc8\xc7\xd9\xe3\xb4\x9bw\xd8\x89gC\xae\xe0\xfd\x81\xea\x1dv\xf5\x84\xb6]\x90\xf0\xa3\x0b\nO[\xf3\x165',8934630.0,100000.0,71000000000.0,100.0,710.0,1573766197.0,71000000.0
b'\xc9pn\x1b\xc68\xba:\xdc\xff\xcd?\xcb\x07{\xe0:\xa3?\x9b\xcf\xa1\x18\td\x0b;\xac\x86\x1a\xd1w',8934630.0,21000.0,1200000000.0,36.0,10.0,1573766197.0,210000.0
"b'\xc9\xde\xc7S\x13\x9e6\x82\xec\xce:\xb4""\x18\x17 \xa5\xe6\xc5xj\x90\r\xe7\x9c\x9cN5\xc0^]D'",8934633.0,200000.0,10000000000.0,100.0,100.0,1573766280.0,20000000.0
"b'\xc9\xf17\xd7\xef\xa2\xeb*PD\xf8\x95!\xbdy\x10\x07\x83\x8a\x85\xb4\xa4`\x96\x7f\xed\x89\x0b\xf4""Z\xf7'",8934629.0,21000.0,10000000000.0,100.0,100.0,1573766190.0,2100000.0
b'\xca\x98\xe5\xbcs\x86\xb5\xd9\x0c\x05\xcbH~m\x88O\xbd\xe2\x1ex\x9a7\xdci\x8aW\xb1y5v\xd6\x94',8934630.0,90000.0,1000000000.0,36.0,10.0,1573766197.0,900000.0
b'\xcbb\x93j6\xd8\r4B\xe2\xf2o\xcc\x94\xd1\xd6\x1e\x0c\x8c#\xba\ntA`\xe8\x89f$^\x83\xb7',8934629.0,300000.0,10000000000.0,100.0,100.0,1573766190.0,30000000.0
b'\xcbl\x90\x00\xa2pb\xd2\xd7\xcf\xb6V\xce\x01W\x1d\xcd\xd7\x14\xb6\xe2\x93\x87/\x9d\xf9\x80\x0b\xb9=Z.',8934633.0,330830.0,18000300001.0,100.0,180.0,1573766280.0,59549400.0
"b'\xcc\x88\x0c\xa1:\xbc|\xb7\x07J\xe4,\xb5\x04\xbf\xc9\xa0\xa17\x9f\xe9\xb1n\x17\xe1\xde\xfe\x8f\xa3\xb3\x13Q'",8934631.0,60000.0,15000000000.0,100.0,150.0,1573766237.0,9000000.0
"b""\xcc\xbf\x85\xe9\x05\xd7\xa2'\xf4\xddGS\xceu!\x97tBZ]6w\r\xb6\xc8k\x854h\xbf\x8b\xb1""",8934634.0,47111.0,1000000000.0,36.0,10.0,1573766286.0,
"b'\xcc\xdf""\xb2M\xc2`m\xe7p\xf8\xe8GK\xb0\x1e\x80\xf7i\x95,\xe2\xc34\x9b\xbf\x02`\x9e0\xf8~'",8934633.0,21000.0,20000000000.0,100.0,200.0,1573766280.0,4200000.0
b'\xcc\xeb\xf8\x03b\xd5\xa5\xdc\xaf\xb0\xb5\x8e\x9fb&\x0f\xb3Z\xf9\x96\x1f*p\xc4\xf6\xde\x84\xc3\xc5\x02Z#',8934629.0,200000.0,2000000000.0,36.0,20.0,1573766190.0,4000000.0
b'\xcc\xf0\xbcX]\x95\xbb\xec\xb4\xc2 L\xabT$\xdb_K\xa4o\x99\xed8\x9e\xb2\xc6\xdc#\xa9s\xfb+',8934633.0,21000.0,10000000000.0,100.0,100.0,1573766280.0,2100000.0
b'\xcc\xf8\x01z\xaa^F#N\xdc\xec\xbc\x0f\xe0\xd8l@\x17l\xec\xac\xa1\x1ar\t_\t8p>\xae]',8934630.0,52346.0,1100000000.0,36.0,10.0,1573766197.0,523460.0
"b""\xcd\n\x9b\xec\xb3:\xe0\x17-'DA\xe9\xe2`O\xe0\x11uHBr\x92\x9f_l3:\x13E\x10\x9b""",8934630.0,80000.0,30000000000.0,100.0,300.0,1573766197.0,24000000.0
"b'\xce\xb2=W\xbe]\x84\xbd@\xa1\xf7>\xd5\x0b\xe4P4\xa6\xcd\xb9\x8bt,Y\xa4w\xe8\x1e\xf5\x8b\xf1\x8b'",8934630.0,200000.0,2000000000.0,36.0,20.0,1573766197.0,4000000.0
"b'\xce\xef\xe2%\t]h\xa1!4\x1b,\x11,\x00\x85\xf8e\xe7M\xe2!\x0b\xa3F\xcf\x81y\x04\x8a\x10\x02'",8934630.0,223874.0,1000000000.0,36.0,10.0,1573766197.0,2238740.0
"b'\xd0r3W\x0f\xd7\xda\x9f\xb6\x06Y\xd3\x93z\xd1\xbeu\xeev{\x03""\xb8\x9e\xb5v\xa4\x8f\xc5?K('",8934630.0,54466.0,30000000000.0,100.0,300.0,1573766197.0,16339800.0
"b'\xd1>\xba\xf9\x18\xf8\xaaF\xf1\xd9\x8d\xa9X:\x0c\x9ep\xc8\x016D[Y\xf0>\x98`\xae""u+\xb4'",8934631.0,150000.0,15000000000.0,100.0,150.0,1573766237.0,22500000.0
b'\xd3\x98\xb3\x81\xb2\xc9\x083\x8f\xabB\xc9\xcdJ\xa7\xed/\xbb\x81K8\x9e\x14\xbagbc\x8f\xa1\xd0\x18\x83',8934629.0,90000.0,40000000000.0,100.0,400.0,1573766190.0,36000000.0
b'\xd3\xda|\xb4r$\xde\xa7\xb0\x12 \x06x{I\xef\xcd$\xda@\x0c\x8f+(\xfb\xc9/Y\xbf\xed\xa8\x1d',8934633.0,21000.0,10000000000.0,100.0,100.0,1573766280.0,2100000.0
b'\xd5c\xbd\xf2\x0b\xc2L\x9f\x12@h\xbe\xaf\x18O[\x08my^\xde\xeb\xfb\xaf\x12\xb1(\xbfoWn\xfe',8934630.0,223841.0,1000000000.0,36.0,10.0,1573766197.0,2238410.0
"b'\xd5\xe4\x170\xafJ\xbeU+\x99\x8e\xa2\xf7\xad3\xde\'5\xb7""l\xedqx\x10\x14\xcb\x19\xc8\xa7\xdd;'",8934633.0,21000.0,26978992386.0,100.0,260.0,1573766280.0,5460000.0
b'\xd6\x07\x01\x1e.o$N\xdfo\xdf \xd8;r\xe0\xe6\xc4`\xfb\x9e\xeeH\xfbqW\x1f]\x9d\xdd\x8f\xf8',8934626.0,50000.0,10000000000.0,100.0,100.0,1573766161.0,5000000.0
b'\xd7\xbf\x96j\x12\xa2\x92\xfc\xd2\x9fT\xce\x9a\xcd\x8c\xbc\xb2\xdcd\xc1\\\xa1Cj\x93\xa3\xc7@\xd2\x1d\xb4h',8934630.0,150000.0,13000000000.0,100.0,130.0,1573766197.0,19500000.0
b'\xd7\xd6\x07\x1d\xae\xd8*\xe9xd\xfe1\x81\xfc\x1e3\x01\x05\xc1\x92\xd9\xb7\x05\xb8\x05Y\x9b\xeb l\xbaW',8934629.0,600000.0,12000000000.0,100.0,120.0,1573766190.0,72000000.0
"b""\xd9\x00\xc8B2\xe5\x84\x0c\x16\xe8\x98\x926\xeb\xf8\xba'U\x1c\xcc\x96\xcaO}\xf9\xb3Q.\xdf\xa3\xa8\xe8""",8934629.0,21000.0,20000000000.0,100.0,200.0,1573766190.0,4200000.0
b'\xd9&\x82\x1e\xad\xa3\xd9\xd1\xfe\xbb\xdf\xc8\x84\x0e\x98\xdbVx\xcd\xdbR \xca\xd8Yvu\xef\x04ML?',8934630.0,50000.0,1000000000.0,36.0,10.0,1573766197.0,500000.0
"b'\xd9\xf4z\x88\xaa\x99*\xc6\n\xf1Ft""\xe5B\xf2\xa5\xf4r\x05=\xfc\x05\xd8\x15-\xa60\xca{\x18\xf7'",8934634.0,21000.0,10000000000.0,100.0,100.0,1573766286.0,
"b""\xdaw\x14a\xa9\x12=T'\xfe\x99\x0b\x1dX5\xe8'\xafvEJ\x11\xa7q\x84\x9c<\\\x9d\x9bws""",8934629.0,35712.0,10000000000.0,100.0,100.0,1573766190.0,3571200.0
b'\xda\xc4M\xe1\xcb\xd2\xe4H7\x0fH\xa0\xe9\xd3\xa6<\xc7\xa1\x050<\x95\\10&:\xed\x18_Pb',8934629.0,100000.0,2250000000.0,36.0,20.0,1573766190.0,2000000.0
"b'\xda\xe0\xf3\x83(\r\nag\xf4\xd4\xd1?W\xadA(]\xd5\x97,gdP\x15\xc0\xd1J\x17\xd0\xd0\x8c'",8934631.0,1600000.0,10000000000.0,100.0,100.0,1573766237.0,160000000.0
b'\xda\xef\xeb\xcc\x01\xe7\x89\x9cd4>dar\xa4&x\xb3\t\xda7g6\x90Zk#s\xa5\xaf\xe3\xe0',8934633.0,56281.0,1000000000.0,36.0,10.0,1573766280.0,562810.0
"b'\xda\xf4\x1f\x19\xa7\xcdH\xf0v\x13\x8e.\x9f \xce\x06\xa6\x93$\xce\x97\xf7\x11\xb0\xbf4\x93\x91""\xc9} '",8934629.0,36631.0,1000000000.0,36.0,10.0,1573766190.0,366310.0
"b'\xdb\x11\xca\xd0x\xf4,\\\\|J\xef\xc9\xd3\x11k\xc5\x0fW\xf5-N\xe7\xeb2\x95q\x8c>;\x0e\x05'",8934633.0,21000.0,1000000000.0,36.0,10.0,1573766280.0,210000.0
b'\xdb\x99\xee\xa6\xa3\x14;.\xf5\xa9\xe9\x91_]X\xc4\xe3\x1a\xbf\x15\xab\xfa\xb5\x18\x869\x9e\r\xbd\xe9\xac\xed',8934633.0,36353.0,1000000000.0,36.0,10.0,1573766280.0,363530.0
b'\xdc\xea\x0fY\x10\xfc2u\x16\xba\xbbB?2\x043\x001\xa3H\xd0J\x89t\x8e\xcf\xbe\xdb`\xca[\x16',8934629.0,100000.0,2250000000.0,36.0,20.0,1573766190.0,2000000.0
"b""\xdc\xf7\xa1\xe0\x8a\x89s\xd4L\x8d\x8c<\xd8!hD\xbd\xa1Y\xc5\xa2W'[\xb0\x9f\x93\xb5\xfb\x95\x8cd""",8934634.0,80000.0,30000000000.0,100.0,300.0,1573766286.0,
b'\xdd\x98e\x1be\xb0\xd3\xde\x81\x9d\x11\xa9\xb4tw\xfa\xbf=\xb3\n#7\xe9V\x90\xd5\x96fF\x90Ka',8934630.0,200000.0,30000000000.0,100.0,300.0,1573766197.0,60000000.0
"b'\xdd\xac\x8e\xc27\xee\xcd6M\xc8\xf3Y{\xd7>W?L\x8c\x12\x07\xb1\x87),\xb0\xfd\xe6\x16J9\x07'",8934630.0,150000.0,2000000000.0,36.0,20.0,1573766197.0,3000000.0
"b'\xde\xbb\x9a/}\xa6\x8d98\x1c\xb3ed\xe30\x08\x9b\xa66\xb3\xc6[\xd6\x18\x11]""\xe5\x05\x88\x08R'",8934633.0,300000.0,10000000000.0,100.0,100.0,1573766280.0,30000000.0
"b'\xdf\xe8Vo\xe2\xda\xc1r?\xed\x9a\x96O\x9e\xa9\xdd\x96\xa2\xa4\x0f\x188\xd7\x85\x04\x80lV2""\x8aN'",8934629.0,100000.0,2250000000.0,36.0,20.0,1573766190.0,2000000.0
b'\xe1\x16\x17\xa5X\x9aY\xb3\xdc\xfbp\xfek\x01\xf8p*\xb9\xf3\x01\x8e\xf6`\xcd\xf3\xf8\xa1\x9fim\xf7\xe2',8934630.0,21000.0,10000000000.0,100.0,100.0,1573766197.0,2100000.0
"b'\xe1""\x85I\x90\xd8\x05\x1a\x9e`y\xa0\x8b\x05-)\xaa\xbd\xa3\x8aSI\x82\n8\xb1\x15\xa7z\x88\xc2j'",8934629.0,21000.0,1200000000.0,36.0,10.0,1573766190.0,210000.0
b'\xe1\x9aA\x18\xbcw\xb7\xf0\xb9\xf0\x87(?\xee7\xd4\xe3\x86\x07iV\x7f\xb08\x9d3\xe5\x12\x01\x19\xcd}',8934633.0,100000.0,2199999988.0,36.0,20.0,1573766280.0,2000000.0
"b'\xe2p\xfe\x87\x14\xfe\xd7\xcb\x1cc>,9P\xf36\xef\xa8\x97\xed\xe2\xbba\xd5\xe6\xe8x\xcf\xc3\xa3\xbf\xf8'",8934630.0,330851.0,20700300001.0,100.0,200.0,1573766197.0,66170200.0
"b'\xe3z\x9d\x8e\xd6\x90[\x02\xb3\xf6L\xaa""\xd7s\xfe\xe3 @_<\xb7\xc7b\xa6\xed\xb7\x15?\xaa\x9cd'",8934631.0,54466.0,30000000000.0,100.0,300.0,1573766237.0,16339800.0
b'\xe3\xb4\xa9\x98\xb1+\xb7\xd3\xf2\x15j\xc9=\xc9\x97\x04M\x8d-\x86\xec\x91\xac\xf8(\xc9\xf7_\x9d\x81{\x91',8934633.0,100000.0,2250000000.0,36.0,20.0,1573766280.0,2000000.0
b'\xe3\xe5;\xc4\x06\x08\x96\xf9\xc9\xf1c\x8f\x92)\x87\xf3\x16\xc1\x0f\xdc\xa8\xb3(\xbcg\xb8\x14\xd7\xcai\x05q',8934630.0,100000.0,2250000000.0,36.0,20.0,1573766197.0,2000000.0
"b'\xe4\xa8G\xd4\xa2\x18""\xec\x81M\x82a\xe3\xacwp\x19\xae\xc9\x11!\xacw\xe8nXY|\xb9>\x84M'",8934629.0,150000.0,2000000000.0,36.0,20.0,1573766190.0,3000000.0
b'\xe5V\xe2\x8d\xbb\xa1\x85\xc2\xbd\xfe\x86\x07\x89\xbaQ\xbf\xf9\xb7\x84_\xe1B\xa5\xa09J\xac\xc5\xcev\x8a\x11',8934630.0,100000.0,10000000000.0,100.0,100.0,1573766197.0,10000000.0
b'\xe5r\x85\xf6\x1aX\x9e\xe2\xe6\x0c\xf8&8kH\xc34\xe5\xea\xc9\xe5\xa6\x08iM\xa5&!\x00/\r\x81',8934629.0,200000.0,19000000000.0,100.0,190.0,1573766190.0,38000000.0
b'\xe5\x98\xd4\x8c?\xfd\\t\xa2\x96\xeb\xfc.\xa3\xc1*W\x1a\xcd\x0e\x9f\xc2C8r\x15\x0b\x1el\x9e\xb1\xad',8934630.0,400000.0,10000000000.0,100.0,100.0,1573766197.0,40000000.0
b'\xe6\x1b\xa2\xe8s\xec\x0c\x1a\xbb<SVp&\xd8\x19\x85\x8e?JL}6\x96\xa7\x15\x0bN~\xfe|\x1b',8934630.0,90000.0,1000000000.0,36.0,10.0,1573766197.0,900000.0
b'\xe6\x828\x04B\x17\xa3\x11\xda\xc9\xfb\xcd\xe7\x96g\xc8&gT\xd6v\xe7V<\xa6s\xa8B\x88\xf8\x8b\x8c',8934631.0,30000.0,10500000000.0,100.0,100.0,1573766237.0,3000000.0
"b'\xe7*?\xa5\x909\xb3\xac\xfa\xba\x8a\xf8\xf28""\xd6\x0cxu\xccC\x14)O\xcc\xbaw\xce\xa8:9*'",8934633.0,150000.0,10000000000.0,100.0,100.0,1573766280.0,15000000.0
b'\xe7x\xc8\xa8_\x89\xcf\xdf\x1b`\xae{N\xa7\x89\xae}\xb4\x15\xa8\xb0\x14e\x15.Y^\xc6:\xee\xb7\xe1',8934629.0,21000.0,1000000000.0,36.0,10.0,1573766190.0,210000.0
"b'\xe8\xbe\\\xd5\x9dv\xf8\x85\x8e\x8c\x17\x1e\xf2\xeb\xcb2\x1dZ\x18\xa9,9\xc8\x8f2s8\x04\xb0\xe0\xd7\x02'",8934630.0,90000.0,26000000000.0,100.0,260.0,1573766197.0,23400000.0
b'\xe9P\x97\x9d\xe8\xe5`frs<\xbf}\x06\xecgN[\x98\xc2\xb6\xc9\x10g\x9d\x88\x9d5\x92W\x066',8934629.0,60000.0,2500000000.0,36.0,20.0,1573766190.0,1200000.0
b'\xe9\\\xc5\xa4\xe1\xafq\xfe\xaac\xf9\x8b:h\xd0]\xbe\x85R\xa8\x1b\xd2\x17\x99\xe0\xb4\xd6Y)\xcf\xd8\xeb',8934627.0,21000.0,30000000000.0,100.0,300.0,1573766175.0,6300000.0
b'\xe9\x91u@z\xda\xe9j\x08\xecC\r\xd2w~v\xd7\xc3\xe6Q\x01\xbd\xa0\x8dXx\x9a\x90B\r\x90$',8934630.0,100000.0,2250000000.0,36.0,20.0,1573766197.0,2000000.0
b'\xea\x04\xf6\xb9\xdcf\r\xe1\x8d\xb7\xdb\xdb\x14\x16I\xf1\xbc\x0f\x91n*\x1c\x81S\\\x10\xd2\xc5{|\xa9\x0e',8934634.0,21000.0,1000000000.0,36.0,10.0,1573766286.0,
"b'\xeaUt\x894\xb1]\xcb\x02\xb9\x11\xa2\x9eG""\xb2j\xe8+;\xbc\xc0|\x18P><\xbf\xbf\xf3\x95\x90'",8934626.0,150000.0,22000000000.0,100.0,220.0,1573766161.0,33000000.0
b'\xeaqg\xcf4\xaf\x7fiy\xcc\xf0q~\x0b\x8d\xf2\x14\xc9\xa3r\xd4\xbd\xdbZ8\xee\xb1\xd9\xdb`\x06\xaf',8934633.0,21000.0,1000000000.0,36.0,10.0,1573766280.0,210000.0
"b""\xea\xa7\xb0\xb1d\xa9\xcaB\xb0\xffK0\xae\x9e\xb2\xb79j\x172\xb4MOs\x8d(\xf6'O>\xf6\x11""",8934633.0,22000.0,20700000001.0,100.0,200.0,1573766280.0,4400000.0
b'\xea\xb5\xf0N\xbf\x19\xde\xc2\xcam\xd2\xa3&\xe5\xdb\rDWhF\xc1\x0f\xeb9\xfa\xe4\xff\x07\xedJp\xb3',8934634.0,158820.0,1000000000.0,36.0,10.0,1573766286.0,
b'\xebc\x08\x16\xbc\xed\xc0\xa8lp\xc8\xa4\x03az\xcb\x9f\x1d\x85Q\xdd\x00}\xfb\x11\xf3(\x8fm\x8c>\xfb',8934630.0,100000.0,10000000000.0,100.0,100.0,1573766197.0,10000000.0
b'\xec__\xf0\xb9\xa6O\xb6f\xf2\xaa\x9d!\x88\x82\xcd\xb3\x04\xbdx\t\xfa\xe3O\x12\x84|\x06S`\xc1\xaa',8934630.0,90000.0,1000000000.0,36.0,10.0,1573766197.0,900000.0
b'\xedWj\xda]S7\x93\x01\xee\xd4\x1b\xdb\x11+@a=\t\xfd.\xde6|\xa1\xcd\x1d\xf6\xf3\xbb\x99\x00',8934630.0,67037.0,1000000000.0,36.0,10.0,1573766197.0,670370.0
"b'\xedeS\xa6""m\x1cV*r|\x89\x9b\x98Z\x7f\xc3J\x07rX\x0c&i\x9e~$6\xd3\x8d\xde\xba'",8934626.0,150000.0,22000000000.0,100.0,220.0,1573766161.0,33000000.0
b'\xed\x89\xca=\x14\xb9\x9d;\xc0\xdb\xfc%\x00\xfd\x84_\xd2\xdd\xd4\xec\xa7\x05=7\x03\xeb\x14\xb3@=G\xa5',8934634.0,44275.0,1000000000.0,36.0,10.0,1573766286.0,
b'\xee\xa8\x8c\xd0p\xd1t\xa6\x18\xbeo=\xf7u\xbeq\r\xedo\x1b*\x80\x8b\xc2\x97w\x0fs\x05\xbc\x18\x8e',8934630.0,100000.0,2250000000.0,36.0,20.0,1573766197.0,2000000.0
b'\xee\xf8\x86\x83\xac\x8b\xbb\xb5\xe1\xf4\x0b\xb3~\xd9\xaf\xfa{7\xb3:\x9bh\x04yl\x83\x81\x0f6Y\xef:',8934633.0,150000.0,2000000000.0,36.0,20.0,1573766280.0,3000000.0
b'\xf0\xc0B\x08\xa2{\x13+*@\x1e5\xf3\xde7\t\xb3\x17\x81$}\x00qX+\xe0\x11(\xf4\xd8\x8b\xb7',8934631.0,21000.0,10000000000.0,100.0,100.0,1573766237.0,2100000.0
b'\xf1f\x84\xd3\xc7\x0f0\x83\x1d<\xab\x02\x06\xf7\xea5]UC\x04\xd44l3\n\xb32\xf3.\xb6\xcc\x8f',8934634.0,235727.0,1000000000.0,36.0,10.0,1573766286.0,
b'\xf1\x94\xd9a\xb3q\x00\x97u!\xba\xd6\x1b*\xd2\xcc-\xe8\x1b\xae\x9f~<\xb0\xd3\xd8\xf70\xfd\xb9D\xec',8934633.0,21000.0,1000000000.0,36.0,10.0,1573766280.0,210000.0
b'\xf1\xbap\xee\x11{\xdf\xfe\xc5\xc8\x86`\xcf\xadpF\xf0P\xc9g\x97\x97\x0c\xc1\xbaq\x05n\xdf#\xc3\xa4',8934634.0,52343.0,1000000000.0,36.0,10.0,1573766286.0,
b'\xf1\xe8\xe8N N\x9b\xedY\xcb\x93\xe8fq\xbf\x9a\x91{w:\x16l\xe5C\xe0\x8d\x8c\x1d\xca(\n]',8934631.0,60000.0,30000000000.0,100.0,300.0,1573766237.0,18000000.0
b'\xf2\x0c\x032\xe1\x99\x16A\xd0\x04\n\xf3\xa0\xbb\x1c\xd7\xc7h5\xf8\xab\xea%\x90^f3\xd8?\xb9\xf9\x80',8934633.0,150000.0,22000000000.0,100.0,220.0,1573766280.0,33000000.0
b'\xf2j\xad\xe6ZN\x04\xb2i\x0fE\x1dN\xb8\xb5\xe0/a\xaa\x93\x81\xfd\xf9\xa5\x03\xb6\x03o\x17A\x86\x02',8934630.0,52290.0,1000000000.0,36.0,10.0,1573766197.0,522900.0
b'\xf2\x81\xee\xcf\xe29\x98\xac\xa6\xc2\xcc\xd4&C\x1bIQ\xe6\xfa\xabT\x86\x82\xa6[\x1fd\xbc\xccPDB',8934634.0,200000.0,10000000000.0,100.0,100.0,1573766286.0,
"b'\xf2\x90i)?\xcd\xe3\x14\xca\xe7\xd7\xc5\x90\xf3Re\xe5a\x17\x82\xf2\xefK\x18\xbb$\x8b3\xcaC5""'",8934633.0,100000.0,5000000000.0,48.99999999999999,50.0,1573766280.0,5000000.0
b'\xf3QP\xc8\x1a\n\x96\xdc\xafb\x1e\t\xb490\xaa[\x0e#j\x92rY\xb8\xac\x8a\x7f\x91\x95\xc5\xf8\x9b',8934631.0,900000.0,12000000000.0,100.0,120.0,1573766237.0,108000000.0
"b'\xf3\xc4x\xa2Wj\x14\xb1JK\x9b4\x89\xa7\\=;<\xff\xaaj\xba\x08\x84\x82\xab""9\xbc(""\x1a'",8934631.0,60000.0,10000000000.0,100.0,100.0,1573766237.0,6000000.0
b'\xf3\xea\x17\x9e\xfd5\xf3\xee`B\xe5\x92\xc5\xa1\x97\x9a|\x86\x9c\xc8F\x8f\x7f\xeb\x1a\xf0\xdb\xee\xcd\x1a\xa7\x8a',8934634.0,90000.0,1000000000.0,36.0,10.0,1573766286.0,
b'\xf4\x16\xcf\xaf\xc2\x95\xb8\n\x1d\x12\x96p0\xf8\xb1\xe4\xc1\xd4\x9a\x18P#H\xe4\xb3mJ\xe64\xc9\x0b\x1f',8934630.0,51499.0,1000000000.0,36.0,10.0,1573766197.0,514990.0
"b'\xf4Od?\xc3\xe1\xa0dk\xd9\xd0k\x92e\x89:i\x97,C\xa3i\x1e\xd6\x8c#\x94\xc6=\xa8I^'",8934630.0,1410088.0,1220000000.0,36.0,10.0,1573766197.0,14100880.0
b'\xf4\xafl\x176\xa3\xb2\xaaKA\xd7\xcc]\x80^\xcd?\x02\xb1\xe1\x84uo\xd7\xb5\x86\x9e#6Q\t]',8934633.0,150000.0,13000000000.0,100.0,130.0,1573766280.0,19500000.0
b'\xf5\x18?zG\x15?)\x11\xc2ZIR?\xf3\xf7\x91z\x00\xd6\x8a\xea\xf4\xf8\xccN\xc4\xe7X5\rL',8934631.0,144494.0,5000000000.0,48.99999999999999,50.0,1573766237.0,7224700.0
b'\xf5p\x1c\xf8!71q\x98\xb9\x15\xc0\xa5\xaa\x9aE\x1d.\x82\xf2`a\xbf\xa7\x84%\x9d\x0ey\xf6vj',8934633.0,166666.0,50000000000.0,100.0,500.0,1573766280.0,83333000.0
b'\xf5|\xc8\xb1\x91\xb7\x9f\x96\xc3c\x00\x11\n\xbb\xba;O5rw\x06\x06\xb7\xcc\n\x83P\xfdkt\xf2\x04',8934630.0,36452.0,1100000000.0,36.0,10.0,1573766197.0,364520.0
b'\xf6\xf5ecN\x12I\xb2HN\x1a\x95D\x9b\xe2z!bG\x9a\xe9\x18U\xdc\xea\tAz\x82\x01\xec\xdf',8934630.0,90000.0,1000000000.0,36.0,10.0,1573766197.0,900000.0
b'\xf7\x05\xd8\xda\x89\x06\xff\xe3e\xef!\xcc\xcf\xc2\x9c6\x02t\x87w\xd9\xcd!\xeb\xbb\xcd*4\xb2\xf2\xc7_',8934626.0,90000.0,20000000000.0,100.0,200.0,1573766161.0,18000000.0
b'\xf9)\xa6\xb8\xf9\x92k-\xb7\xc3\xc5\xa8B!\xe6\x9e\x96;\xaa\xce\xe0j\xaan\x9a-\x17\xe2=V\xd0=',8934630.0,21000.0,1000000000.0,36.0,10.0,1573766197.0,210000.0
b'\xfaW\xcf\xfb\x84\xad8\xd9\xdd4\xf4\xb8\n\xabN\xbd\x07ZQz\xb7\xcc\x04\xb8\xaf\x8c\x9a\x1de\xe7w\x19',8934626.0,21000.0,10000000000.0,100.0,100.0,1573766161.0,2100000.0
b'\xfa\xe3V\xb3\x99\x80}A\xd2\xc3\x86\xbd\xfeX\xe1e\x92\x9f\xc8w\x93\xa4\xf6t\x9a\xe43\x91\xaa\x94M\xb7',8934631.0,52868.0,5000000000.0,48.99999999999999,50.0,1573766237.0,2643400.0
"b""\xfb\x9662\xa6m\xb9\x08\x84\xd3\xe0\xbc<o|'\n\x937U\xf8\x1c\xb4|\x0b\xb2\x99z<\xc7v\x93""",8934630.0,21000.0,10000000000.0,100.0,100.0,1573766197.0,2100000.0
b'\xfb\xee\xd6a?C\x02\xe0?\xb2Qb\x96vh3}Y\x8a0\xf6N\x8e0<\x06\xe3\xbd\xc9\xc1\xb1\xca',8934631.0,450000.0,5000000000.0,48.99999999999999,50.0,1573766237.0,22500000.0
b'\xfd\x06-\x8f\x8aK\x19u/\xba5`\x7f\xba\x91\x86\xb9c\xdd\xa3Eu\x10\xf3\x9f\x9f\xa1\x9dEN\xeaC',8934630.0,100000.0,2250000000.0,36.0,20.0,1573766197.0,2000000.0
b'\xfd\xdb\xddE7\xf5?xY\x8a*a+\xc1\xd9\x05\x91\xd7\r~\x9f\xd6\x97K\x99OR\xd1\xf4\xf4\x9bP',8934631.0,1446163.0,10000000000.0,100.0,100.0,1573766237.0,144616300.0
b'\xfe)?\xe5\xd1+\xb7i\xf7\xcckC\xbd\xda\x14\x11\xb1\xa1\x1b\xc7\x1c\xb4EI\x1eT[6\xc1\xdd$\x1e',8934629.0,40000.0,2000000000.0,36.0,20.0,1573766190.0,800000.0
b'\xff\xafl\n\x0ec\xe8\x82\xd7\x0bDA\xfeW\xb2\xc5\xaa\xb4g\xfb\xae:\xc7K_\xd5\xb5.m\xc0\xd1\xcc',8934630.0,90000.0,1000000000.0,36.0,10.0,1573766197.0,900000.0
b'\xff\xc7sre\x93\xbb\xe2\xea\x01\xcb\xb7\x86Q\xf9[\xbd\xce\x9cD\x9c_\x11\x85\xbat\xbbs\xc0\xd3z\xc4',8934629.0,100000.0,10000000000.0,100.0,100.0,1573766190.0,10000000.0
